This is pdfTeX, Version 3.141592653-2.6-1.40.22 (TeX Live 2022/dev/Debian) (preloaded format=pdflatex 2026.1.30)  26 FEB 2026 13:10
entering extended mode
 restricted \write18 enabled.
 %&-line parsing enabled.
**report.tex
(./report.tex
LaTeX2e <2021-11-15> patch level 1
L3 programming layer <2022-01-21>
(/usr/share/texlive/texmf-dist/tex/latex/extsizes/extreport.cls
Document Class: extreport 1996/10/08 v1.0 Non Standard LaTeX document class
(/usr/share/texlive/texmf-dist/tex/latex/base/size12.clo
File: size12.clo 2021/10/04 v1.4n Standard LaTeX file (size option)
)
(/usr/share/texlive/texmf-dist/tex/latex/base/exscale.sty
Package: exscale 2018/09/24 v2.1i Standard LaTeX package exscale
LaTeX Font Info:    Redeclaring symbol font `largesymbols' on input line 57.
LaTeX Font Info:    Overwriting symbol font `largesymbols' in version `normal'
(Font)                  OMX/cmex/m/n --> OMX/cmex/m/n on input line 57.
LaTeX Font Info:    Overwriting symbol font `largesymbols' in version `bold'
(Font)                  OMX/cmex/m/n --> OMX/cmex/m/n on input line 57.
\big@size=\dimen138
)
\c@part=\count185
\c@chapter=\count186
\c@section=\count187
\c@subsection=\count188
\c@subsubsection=\count189
\c@paragraph=\count190
\c@subparagraph=\count191
\c@figure=\count192
\c@table=\count193
\abovecaptionskip=\skip47
\belowcaptionskip=\skip48
\bibindent=\dimen139
)
(./chapters/preambula.tex
(/usr/share/texlive/texmf-dist/tex/latex/base/fontenc.sty
Package: fontenc 2021/04/29 v2.0v Standard LaTeX package

(/usr/share/texlive/texmf-dist/tex/latex/cyrillic/t2aenc.def
File: t2aenc.def 2005/09/27 v1.0i Cyrillic encoding definition file
Now handling font encoding T2A ...
... processing UTF-8 mapping file for font encoding T2A

(/usr/share/texlive/texmf-dist/tex/latex/base/t2aenc.dfu
File: t2aenc.dfu 2021/06/21 v1.2n UTF-8 support
   defining Unicode char U+00A4 (decimal 164)
   defining Unicode char U+00A7 (decimal 167)
   defining Unicode char U+00AB (decimal 171)
   defining Unicode char U+00BB (decimal 187)
   defining Unicode char U+0131 (decimal 305)
   defining Unicode char U+0237 (decimal 567)
   defining Unicode char U+0400 (decimal 1024)
   defining Unicode char U+0401 (decimal 1025)
   defining Unicode char U+0402 (decimal 1026)
   defining Unicode char U+0403 (decimal 1027)
   defining Unicode char U+0404 (decimal 1028)
   defining Unicode char U+0405 (decimal 1029)
   defining Unicode char U+0406 (decimal 1030)
   defining Unicode char U+0407 (decimal 1031)
   defining Unicode char U+0408 (decimal 1032)
   defining Unicode char U+0409 (decimal 1033)
   defining Unicode char U+040A (decimal 1034)
   defining Unicode char U+040B (decimal 1035)
   defining Unicode char U+040C (decimal 1036)
   defining Unicode char U+040D (decimal 1037)
   defining Unicode char U+040E (decimal 1038)
   defining Unicode char U+040F (decimal 1039)
   defining Unicode char U+0410 (decimal 1040)
   defining Unicode char U+0411 (decimal 1041)
   defining Unicode char U+0412 (decimal 1042)
   defining Unicode char U+0413 (decimal 1043)
   defining Unicode char U+0414 (decimal 1044)
   defining Unicode char U+0415 (decimal 1045)
   defining Unicode char U+0416 (decimal 1046)
   defining Unicode char U+0417 (decimal 1047)
   defining Unicode char U+0418 (decimal 1048)
   defining Unicode char U+0419 (decimal 1049)
   defining Unicode char U+041A (decimal 1050)
   defining Unicode char U+041B (decimal 1051)
   defining Unicode char U+041C (decimal 1052)
   defining Unicode char U+041D (decimal 1053)
   defining Unicode char U+041E (decimal 1054)
   defining Unicode char U+041F (decimal 1055)
   defining Unicode char U+0420 (decimal 1056)
   defining Unicode char U+0421 (decimal 1057)
   defining Unicode char U+0422 (decimal 1058)
   defining Unicode char U+0423 (decimal 1059)
   defining Unicode char U+0424 (decimal 1060)
   defining Unicode char U+0425 (decimal 1061)
   defining Unicode char U+0426 (decimal 1062)
   defining Unicode char U+0427 (decimal 1063)
   defining Unicode char U+0428 (decimal 1064)
   defining Unicode char U+0429 (decimal 1065)
   defining Unicode char U+042A (decimal 1066)
   defining Unicode char U+042B (decimal 1067)
   defining Unicode char U+042C (decimal 1068)
   defining Unicode char U+042D (decimal 1069)
   defining Unicode char U+042E (decimal 1070)
   defining Unicode char U+042F (decimal 1071)
   defining Unicode char U+0430 (decimal 1072)
   defining Unicode char U+0431 (decimal 1073)
   defining Unicode char U+0432 (decimal 1074)
   defining Unicode char U+0433 (decimal 1075)
   defining Unicode char U+0434 (decimal 1076)
   defining Unicode char U+0435 (decimal 1077)
   defining Unicode char U+0436 (decimal 1078)
   defining Unicode char U+0437 (decimal 1079)
   defining Unicode char U+0438 (decimal 1080)
   defining Unicode char U+0439 (decimal 1081)
   defining Unicode char U+043A (decimal 1082)
   defining Unicode char U+043B (decimal 1083)
   defining Unicode char U+043C (decimal 1084)
   defining Unicode char U+043D (decimal 1085)
   defining Unicode char U+043E (decimal 1086)
   defining Unicode char U+043F (decimal 1087)
   defining Unicode char U+0440 (decimal 1088)
   defining Unicode char U+0441 (decimal 1089)
   defining Unicode char U+0442 (decimal 1090)
   defining Unicode char U+0443 (decimal 1091)
   defining Unicode char U+0444 (decimal 1092)
   defining Unicode char U+0445 (decimal 1093)
   defining Unicode char U+0446 (decimal 1094)
   defining Unicode char U+0447 (decimal 1095)
   defining Unicode char U+0448 (decimal 1096)
   defining Unicode char U+0449 (decimal 1097)
   defining Unicode char U+044A (decimal 1098)
   defining Unicode char U+044B (decimal 1099)
   defining Unicode char U+044C (decimal 1100)
   defining Unicode char U+044D (decimal 1101)
   defining Unicode char U+044E (decimal 1102)
   defining Unicode char U+044F (decimal 1103)
   defining Unicode char U+0450 (decimal 1104)
   defining Unicode char U+0451 (decimal 1105)
   defining Unicode char U+0452 (decimal 1106)
   defining Unicode char U+0453 (decimal 1107)
   defining Unicode char U+0454 (decimal 1108)
   defining Unicode char U+0455 (decimal 1109)
   defining Unicode char U+0456 (decimal 1110)
   defining Unicode char U+0457 (decimal 1111)
   defining Unicode char U+0458 (decimal 1112)
   defining Unicode char U+0459 (decimal 1113)
   defining Unicode char U+045A (decimal 1114)
   defining Unicode char U+045B (decimal 1115)
   defining Unicode char U+045C (decimal 1116)
   defining Unicode char U+045D (decimal 1117)
   defining Unicode char U+045E (decimal 1118)
   defining Unicode char U+045F (decimal 1119)
   defining Unicode char U+0490 (decimal 1168)
   defining Unicode char U+0491 (decimal 1169)
   defining Unicode char U+0492 (decimal 1170)
   defining Unicode char U+0493 (decimal 1171)
   defining Unicode char U+0496 (decimal 1174)
   defining Unicode char U+0497 (decimal 1175)
   defining Unicode char U+0498 (decimal 1176)
   defining Unicode char U+0499 (decimal 1177)
   defining Unicode char U+049A (decimal 1178)
   defining Unicode char U+049B (decimal 1179)
   defining Unicode char U+049C (decimal 1180)
   defining Unicode char U+049D (decimal 1181)
   defining Unicode char U+04A0 (decimal 1184)
   defining Unicode char U+04A1 (decimal 1185)
   defining Unicode char U+04A2 (decimal 1186)
   defining Unicode char U+04A3 (decimal 1187)
   defining Unicode char U+04A4 (decimal 1188)
   defining Unicode char U+04A5 (decimal 1189)
   defining Unicode char U+04AA (decimal 1194)
   defining Unicode char U+04AB (decimal 1195)
   defining Unicode char U+04AE (decimal 1198)
   defining Unicode char U+04AF (decimal 1199)
   defining Unicode char U+04B0 (decimal 1200)
   defining Unicode char U+04B1 (decimal 1201)
   defining Unicode char U+04B2 (decimal 1202)
   defining Unicode char U+04B3 (decimal 1203)
   defining Unicode char U+04B6 (decimal 1206)
   defining Unicode char U+04B7 (decimal 1207)
   defining Unicode char U+04B8 (decimal 1208)
   defining Unicode char U+04B9 (decimal 1209)
   defining Unicode char U+04BA (decimal 1210)
   defining Unicode char U+04BB (decimal 1211)
   defining Unicode char U+04C0 (decimal 1216)
   defining Unicode char U+04C1 (decimal 1217)
   defining Unicode char U+04C2 (decimal 1218)
   defining Unicode char U+04D0 (decimal 1232)
   defining Unicode char U+04D1 (decimal 1233)
   defining Unicode char U+04D2 (decimal 1234)
   defining Unicode char U+04D3 (decimal 1235)
   defining Unicode char U+04D4 (decimal 1236)
   defining Unicode char U+04D5 (decimal 1237)
   defining Unicode char U+04D6 (decimal 1238)
   defining Unicode char U+04D7 (decimal 1239)
   defining Unicode char U+04D8 (decimal 1240)
   defining Unicode char U+04D9 (decimal 1241)
   defining Unicode char U+04DA (decimal 1242)
   defining Unicode char U+04DB (decimal 1243)
   defining Unicode char U+04DC (decimal 1244)
   defining Unicode char U+04DD (decimal 1245)
   defining Unicode char U+04DE (decimal 1246)
   defining Unicode char U+04DF (decimal 1247)
   defining Unicode char U+04E2 (decimal 1250)
   defining Unicode char U+04E3 (decimal 1251)
   defining Unicode char U+04E4 (decimal 1252)
   defining Unicode char U+04E5 (decimal 1253)
   defining Unicode char U+04E6 (decimal 1254)
   defining Unicode char U+04E7 (decimal 1255)
   defining Unicode char U+04E8 (decimal 1256)
   defining Unicode char U+04E9 (decimal 1257)
   defining Unicode char U+04EC (decimal 1260)
   defining Unicode char U+04ED (decimal 1261)
   defining Unicode char U+04EE (decimal 1262)
   defining Unicode char U+04EF (decimal 1263)
   defining Unicode char U+04F0 (decimal 1264)
   defining Unicode char U+04F1 (decimal 1265)
   defining Unicode char U+04F2 (decimal 1266)
   defining Unicode char U+04F3 (decimal 1267)
   defining Unicode char U+04F4 (decimal 1268)
   defining Unicode char U+04F5 (decimal 1269)
   defining Unicode char U+04F8 (decimal 1272)
   defining Unicode char U+04F9 (decimal 1273)
   defining Unicode char U+200C (decimal 8204)
   defining Unicode char U+2013 (decimal 8211)
   defining Unicode char U+2014 (decimal 8212)
   defining Unicode char U+2018 (decimal 8216)
   defining Unicode char U+2019 (decimal 8217)
   defining Unicode char U+201C (decimal 8220)
   defining Unicode char U+201D (decimal 8221)
   defining Unicode char U+201E (decimal 8222)
   defining Unicode char U+2030 (decimal 8240)
   defining Unicode char U+2031 (decimal 8241)
   defining Unicode char U+2116 (decimal 8470)
   defining Unicode char U+2329 (decimal 9001)
   defining Unicode char U+232A (decimal 9002)
   defining Unicode char U+2423 (decimal 9251)
   defining Unicode char U+27E8 (decimal 10216)
   defining Unicode char U+27E9 (decimal 10217)
   defining Unicode char U+FB00 (decimal 64256)
   defining Unicode char U+FB01 (decimal 64257)
   defining Unicode char U+FB02 (decimal 64258)
   defining Unicode char U+FB03 (decimal 64259)
   defining Unicode char U+FB04 (decimal 64260)
   defining Unicode char U+FB05 (decimal 64261)
   defining Unicode char U+FB06 (decimal 64262)
))
LaTeX Font Info:    Trying to load font information for T2A+cmr on input line 1
12.

(/usr/share/texlive/texmf-dist/tex/latex/cyrillic/t2acmr.fd
File: t2acmr.fd 2001/08/11 v1.0a Computer Modern Cyrillic font definitions
))
(/usr/share/texlive/texmf-dist/tex/latex/base/inputenc.sty
Package: inputenc 2021/02/14 v1.3d Input encoding file
\inpenc@prehook=\toks16
\inpenc@posthook=\toks17
)
(/usr/share/texlive/texmf-dist/tex/generic/babel/babel.sty
Package: babel 2022/01/26 3.70 The Babel package
\babel@savecnt=\count194
\U@D=\dimen140
\l@unhyphenated=\language87

(/usr/share/texlive/texmf-dist/tex/generic/babel/txtbabel.def)
\bbl@readstream=\read2
\bbl@dirlevel=\count195

(/usr/share/texlive/texmf-dist/tex/generic/babel-english/english.ldf
Language: english 2017/06/06 v3.3r English support from the babel system
Package babel Info: Hyphen rules for 'canadian' set to \l@english
(babel)             (\language0). Reported on input line 102.
Package babel Info: Hyphen rules for 'australian' set to \l@ukenglish
(babel)             (\language46). Reported on input line 105.
Package babel Info: Hyphen rules for 'newzealand' set to \l@ukenglish
(babel)             (\language46). Reported on input line 108.
)
(/usr/share/texlive/texmf-dist/tex/generic/babel-russian/russianb.ldf
File: russianb.ldf 2021/01/10 1.3m Russian support for the Babel system
Language: russian 2020/09/09 1.3k Russian support for the Babel system
Package babel Info: Making " an active character on input line 124.
Package babel Info: Default for \cyrdash is provided on input line 163.
))
(/usr/share/texlive/texmf-dist/tex/latex/amsfonts/amssymb.sty
Package: amssymb 2013/01/14 v3.01 AMS font symbols

(/usr/share/texlive/texmf-dist/tex/latex/amsfonts/amsfonts.sty
Package: amsfonts 2013/01/14 v3.01 Basic AMSFonts support
\@emptytoks=\toks18
\symAMSa=\mathgroup4
\symAMSb=\mathgroup5
LaTeX Font Info:    Redeclaring math symbol \hbar on input line 98.
LaTeX Font Info:    Overwriting math alphabet `\mathfrak' in version `bold'
(Font)                  U/euf/m/n --> U/euf/b/n on input line 106.
))
(/usr/share/texlive/texmf-dist/tex/latex/amsmath/amsmath.sty
Package: amsmath 2021/10/15 v2.17l AMS math features
\@mathmargin=\skip49

For additional information on amsmath, use the `?' option.
(/usr/share/texlive/texmf-dist/tex/latex/amsmath/amstext.sty
Package: amstext 2021/08/26 v2.01 AMS text

(/usr/share/texlive/texmf-dist/tex/latex/amsmath/amsgen.sty
File: amsgen.sty 1999/11/30 v2.0 generic functions
\@emptytoks=\toks19
\ex@=\dimen141
))
(/usr/share/texlive/texmf-dist/tex/latex/amsmath/amsbsy.sty
Package: amsbsy 1999/11/29 v1.2d Bold Symbols
\pmbraise@=\dimen142
)
(/usr/share/texlive/texmf-dist/tex/latex/amsmath/amsopn.sty
Package: amsopn 2021/08/26 v2.02 operator names
)
\inf@bad=\count196
LaTeX Info: Redefining \frac on input line 234.
\uproot@=\count197
\leftroot@=\count198
LaTeX Info: Redefining \overline on input line 399.
\classnum@=\count199
\DOTSCASE@=\count266
LaTeX Info: Redefining \ldots on input line 496.
LaTeX Info: Redefining \dots on input line 499.
LaTeX Info: Redefining \cdots on input line 620.
\Mathstrutbox@=\box50
\strutbox@=\box51
\big@size=\dimen143
LaTeX Font Info:    Redeclaring font encoding OML on input line 743.
LaTeX Font Info:    Redeclaring font encoding OMS on input line 744.
\macc@depth=\count267
\c@MaxMatrixCols=\count268
\dotsspace@=\muskip16
\c@parentequation=\count269
\dspbrk@lvl=\count270
\tag@help=\toks20
\row@=\count271
\column@=\count272
\maxfields@=\count273
\andhelp@=\toks21
\eqnshift@=\dimen144
\alignsep@=\dimen145
\tagshift@=\dimen146
\tagwidth@=\dimen147
\totwidth@=\dimen148
\lineht@=\dimen149
\@envbody=\toks22
\multlinegap=\skip50
\multlinetaggap=\skip51
\mathdisplay@stack=\toks23
LaTeX Info: Redefining \[ on input line 2938.
LaTeX Info: Redefining \] on input line 2939.
)
(/usr/share/texlive/texmf-dist/tex/latex/t2/mathtext.sty
Package: mathtext 2018/04/14 v1.0 transparent text-and-math defs
LaTeX Info: Redefining \halign on input line 121.
)
(/usr/share/texlive/texmf-dist/tex/latex/tools/enumerate.sty
Package: enumerate 2015/07/23 v3.00 enumerate extensions (DPC)
\@enLab=\toks24
)
(/usr/share/texlive/texmf-dist/tex/latex/float/float.sty
Package: float 2001/11/08 v1.3d Float enhancements (AL)
\c@float@type=\count274
\float@exts=\toks25
\float@box=\box52
\@float@everytoks=\toks26
\@floatcapt=\box53
)
(/usr/share/texlive/texmf-dist/tex/latex/pgfplots/pgfplots.sty
(/usr/share/texlive/texmf-dist/tex/generic/pgfplots/pgfplots.revision.tex)
Package: pgfplots 2021/05/15 v1.18.1 Data Visualization (1.18.1)

(/usr/share/texlive/texmf-dist/tex/latex/graphics/graphicx.sty
Package: graphicx 2021/09/16 v1.2d Enhanced LaTeX Graphics (DPC,SPQR)

(/usr/share/texlive/texmf-dist/tex/latex/graphics/keyval.sty
Package: keyval 2014/10/28 v1.15 key=value parser (DPC)
\KV@toks@=\toks27
)
(/usr/share/texlive/texmf-dist/tex/latex/graphics/graphics.sty
Package: graphics 2021/03/04 v1.4d Standard LaTeX Graphics (DPC,SPQR)

(/usr/share/texlive/texmf-dist/tex/latex/graphics/trig.sty
Package: trig 2021/08/11 v1.11 sin cos tan (DPC)
)
(/usr/share/texlive/texmf-dist/tex/latex/graphics-cfg/graphics.cfg
File: graphics.cfg 2016/06/04 v1.11 sample graphics configuration
)
Package graphics Info: Driver file: pdftex.def on input line 107.

(/usr/share/texlive/texmf-dist/tex/latex/graphics-def/pdftex.def
File: pdftex.def 2020/10/05 v1.2a Graphics/color driver for pdftex
))
\Gin@req@height=\dimen150
\Gin@req@width=\dimen151
)
(/usr/share/texlive/texmf-dist/tex/latex/pgf/frontendlayer/tikz.sty
(/usr/share/texlive/texmf-dist/tex/latex/pgf/basiclayer/pgf.sty
(/usr/share/texlive/texmf-dist/tex/latex/pgf/utilities/pgfrcs.sty
(/usr/share/texlive/texmf-dist/tex/generic/pgf/utilities/pgfutil-common.tex
\pgfutil@everybye=\toks28
\pgfutil@tempdima=\dimen152
\pgfutil@tempdimb=\dimen153

(/usr/share/texlive/texmf-dist/tex/generic/pgf/utilities/pgfutil-common-lists.t
ex)) (/usr/share/texlive/texmf-dist/tex/generic/pgf/utilities/pgfutil-latex.def
\pgfutil@abb=\box54
) (/usr/share/texlive/texmf-dist/tex/generic/pgf/utilities/pgfrcs.code.tex
(/usr/share/texlive/texmf-dist/tex/generic/pgf/pgf.revision.tex)
Package: pgfrcs 2021/05/15 v3.1.9a (3.1.9a)
))
Package: pgf 2021/05/15 v3.1.9a (3.1.9a)

(/usr/share/texlive/texmf-dist/tex/latex/pgf/basiclayer/pgfcore.sty
(/usr/share/texlive/texmf-dist/tex/latex/pgf/systemlayer/pgfsys.sty
(/usr/share/texlive/texmf-dist/tex/generic/pgf/systemlayer/pgfsys.code.tex
Package: pgfsys 2021/05/15 v3.1.9a (3.1.9a)

(/usr/share/texlive/texmf-dist/tex/generic/pgf/utilities/pgfkeys.code.tex
\pgfkeys@pathtoks=\toks29
\pgfkeys@temptoks=\toks30

(/usr/share/texlive/texmf-dist/tex/generic/pgf/utilities/pgfkeysfiltered.code.t
ex
\pgfkeys@tmptoks=\toks31
))
\pgf@x=\dimen154
\pgf@y=\dimen155
\pgf@xa=\dimen156
\pgf@ya=\dimen157
\pgf@xb=\dimen158
\pgf@yb=\dimen159
\pgf@xc=\dimen160
\pgf@yc=\dimen161
\pgf@xd=\dimen162
\pgf@yd=\dimen163
\w@pgf@writea=\write3
\r@pgf@reada=\read3
\c@pgf@counta=\count275
\c@pgf@countb=\count276
\c@pgf@countc=\count277
\c@pgf@countd=\count278
\t@pgf@toka=\toks32
\t@pgf@tokb=\toks33
\t@pgf@tokc=\toks34
\pgf@sys@id@count=\count279
 (/usr/share/texlive/texmf-dist/tex/generic/pgf/systemlayer/pgf.cfg
File: pgf.cfg 2021/05/15 v3.1.9a (3.1.9a)
)
Driver file for pgf: pgfsys-pdftex.def

(/usr/share/texlive/texmf-dist/tex/generic/pgf/systemlayer/pgfsys-pdftex.def
File: pgfsys-pdftex.def 2021/05/15 v3.1.9a (3.1.9a)

(/usr/share/texlive/texmf-dist/tex/generic/pgf/systemlayer/pgfsys-common-pdf.de
f
File: pgfsys-common-pdf.def 2021/05/15 v3.1.9a (3.1.9a)
)))
(/usr/share/texlive/texmf-dist/tex/generic/pgf/systemlayer/pgfsyssoftpath.code.
tex
File: pgfsyssoftpath.code.tex 2021/05/15 v3.1.9a (3.1.9a)
\pgfsyssoftpath@smallbuffer@items=\count280
\pgfsyssoftpath@bigbuffer@items=\count281
)
(/usr/share/texlive/texmf-dist/tex/generic/pgf/systemlayer/pgfsysprotocol.code.
tex
File: pgfsysprotocol.code.tex 2021/05/15 v3.1.9a (3.1.9a)
)) (/usr/share/texlive/texmf-dist/tex/latex/xcolor/xcolor.sty
Package: xcolor 2021/10/31 v2.13 LaTeX color extensions (UK)

(/usr/share/texlive/texmf-dist/tex/latex/graphics-cfg/color.cfg
File: color.cfg 2016/01/02 v1.6 sample color configuration
)
Package xcolor Info: Driver file: pdftex.def on input line 227.
Package xcolor Info: Model `cmy' substituted by `cmy0' on input line 1352.
Package xcolor Info: Model `hsb' substituted by `rgb' on input line 1356.
Package xcolor Info: Model `RGB' extended on input line 1368.
Package xcolor Info: Model `HTML' substituted by `rgb' on input line 1370.
Package xcolor Info: Model `Hsb' substituted by `hsb' on input line 1371.
Package xcolor Info: Model `tHsb' substituted by `hsb' on input line 1372.
Package xcolor Info: Model `HSB' substituted by `hsb' on input line 1373.
Package xcolor Info: Model `Gray' substituted by `gray' on input line 1374.
Package xcolor Info: Model `wave' substituted by `hsb' on input line 1375.
)
(/usr/share/texlive/texmf-dist/tex/generic/pgf/basiclayer/pgfcore.code.tex
Package: pgfcore 2021/05/15 v3.1.9a (3.1.9a)

(/usr/share/texlive/texmf-dist/tex/generic/pgf/math/pgfmath.code.tex
(/usr/share/texlive/texmf-dist/tex/generic/pgf/math/pgfmathcalc.code.tex
(/usr/share/texlive/texmf-dist/tex/generic/pgf/math/pgfmathutil.code.tex)
(/usr/share/texlive/texmf-dist/tex/generic/pgf/math/pgfmathparser.code.tex
\pgfmath@dimen=\dimen164
\pgfmath@count=\count282
\pgfmath@box=\box55
\pgfmath@toks=\toks35
\pgfmath@stack@operand=\toks36
\pgfmath@stack@operation=\toks37
)
(/usr/share/texlive/texmf-dist/tex/generic/pgf/math/pgfmathfunctions.code.tex
(/usr/share/texlive/texmf-dist/tex/generic/pgf/math/pgfmathfunctions.basic.code
.tex)
(/usr/share/texlive/texmf-dist/tex/generic/pgf/math/pgfmathfunctions.trigonomet
ric.code.tex)
(/usr/share/texlive/texmf-dist/tex/generic/pgf/math/pgfmathfunctions.random.cod
e.tex)
(/usr/share/texlive/texmf-dist/tex/generic/pgf/math/pgfmathfunctions.comparison
.code.tex)
(/usr/share/texlive/texmf-dist/tex/generic/pgf/math/pgfmathfunctions.base.code.
tex)
(/usr/share/texlive/texmf-dist/tex/generic/pgf/math/pgfmathfunctions.round.code
.tex)
(/usr/share/texlive/texmf-dist/tex/generic/pgf/math/pgfmathfunctions.misc.code.
tex)
(/usr/share/texlive/texmf-dist/tex/generic/pgf/math/pgfmathfunctions.integerari
thmetics.code.tex)))
(/usr/share/texlive/texmf-dist/tex/generic/pgf/math/pgfmathfloat.code.tex
\c@pgfmathroundto@lastzeros=\count283
))
(/usr/share/texlive/texmf-dist/tex/generic/pgf/math/pgfint.code.tex)
(/usr/share/texlive/texmf-dist/tex/generic/pgf/basiclayer/pgfcorepoints.code.te
x
File: pgfcorepoints.code.tex 2021/05/15 v3.1.9a (3.1.9a)
\pgf@picminx=\dimen165
\pgf@picmaxx=\dimen166
\pgf@picminy=\dimen167
\pgf@picmaxy=\dimen168
\pgf@pathminx=\dimen169
\pgf@pathmaxx=\dimen170
\pgf@pathminy=\dimen171
\pgf@pathmaxy=\dimen172
\pgf@xx=\dimen173
\pgf@xy=\dimen174
\pgf@yx=\dimen175
\pgf@yy=\dimen176
\pgf@zx=\dimen177
\pgf@zy=\dimen178
)
(/usr/share/texlive/texmf-dist/tex/generic/pgf/basiclayer/pgfcorepathconstruct.
code.tex
File: pgfcorepathconstruct.code.tex 2021/05/15 v3.1.9a (3.1.9a)
\pgf@path@lastx=\dimen179
\pgf@path@lasty=\dimen180
)
(/usr/share/texlive/texmf-dist/tex/generic/pgf/basiclayer/pgfcorepathusage.code
.tex
File: pgfcorepathusage.code.tex 2021/05/15 v3.1.9a (3.1.9a)
\pgf@shorten@end@additional=\dimen181
\pgf@shorten@start@additional=\dimen182
)
(/usr/share/texlive/texmf-dist/tex/generic/pgf/basiclayer/pgfcorescopes.code.te
x
File: pgfcorescopes.code.tex 2021/05/15 v3.1.9a (3.1.9a)
\pgfpic=\box56
\pgf@hbox=\box57
\pgf@layerbox@main=\box58
\pgf@picture@serial@count=\count284
)
(/usr/share/texlive/texmf-dist/tex/generic/pgf/basiclayer/pgfcoregraphicstate.c
ode.tex
File: pgfcoregraphicstate.code.tex 2021/05/15 v3.1.9a (3.1.9a)
\pgflinewidth=\dimen183
)
(/usr/share/texlive/texmf-dist/tex/generic/pgf/basiclayer/pgfcoretransformation
s.code.tex
File: pgfcoretransformations.code.tex 2021/05/15 v3.1.9a (3.1.9a)
\pgf@pt@x=\dimen184
\pgf@pt@y=\dimen185
\pgf@pt@temp=\dimen186
)
(/usr/share/texlive/texmf-dist/tex/generic/pgf/basiclayer/pgfcorequick.code.tex
File: pgfcorequick.code.tex 2021/05/15 v3.1.9a (3.1.9a)
)
(/usr/share/texlive/texmf-dist/tex/generic/pgf/basiclayer/pgfcoreobjects.code.t
ex
File: pgfcoreobjects.code.tex 2021/05/15 v3.1.9a (3.1.9a)
)
(/usr/share/texlive/texmf-dist/tex/generic/pgf/basiclayer/pgfcorepathprocessing
.code.tex
File: pgfcorepathprocessing.code.tex 2021/05/15 v3.1.9a (3.1.9a)
)
(/usr/share/texlive/texmf-dist/tex/generic/pgf/basiclayer/pgfcorearrows.code.te
x
File: pgfcorearrows.code.tex 2021/05/15 v3.1.9a (3.1.9a)
\pgfarrowsep=\dimen187
)
(/usr/share/texlive/texmf-dist/tex/generic/pgf/basiclayer/pgfcoreshade.code.tex
File: pgfcoreshade.code.tex 2021/05/15 v3.1.9a (3.1.9a)
\pgf@max=\dimen188
\pgf@sys@shading@range@num=\count285
\pgf@shadingcount=\count286
)
(/usr/share/texlive/texmf-dist/tex/generic/pgf/basiclayer/pgfcoreimage.code.tex
File: pgfcoreimage.code.tex 2021/05/15 v3.1.9a (3.1.9a)

(/usr/share/texlive/texmf-dist/tex/generic/pgf/basiclayer/pgfcoreexternal.code.
tex
File: pgfcoreexternal.code.tex 2021/05/15 v3.1.9a (3.1.9a)
\pgfexternal@startupbox=\box59
))
(/usr/share/texlive/texmf-dist/tex/generic/pgf/basiclayer/pgfcorelayers.code.te
x
File: pgfcorelayers.code.tex 2021/05/15 v3.1.9a (3.1.9a)
)
(/usr/share/texlive/texmf-dist/tex/generic/pgf/basiclayer/pgfcoretransparency.c
ode.tex
File: pgfcoretransparency.code.tex 2021/05/15 v3.1.9a (3.1.9a)
)
(/usr/share/texlive/texmf-dist/tex/generic/pgf/basiclayer/pgfcorepatterns.code.
tex
File: pgfcorepatterns.code.tex 2021/05/15 v3.1.9a (3.1.9a)
)
(/usr/share/texlive/texmf-dist/tex/generic/pgf/basiclayer/pgfcorerdf.code.tex
File: pgfcorerdf.code.tex 2021/05/15 v3.1.9a (3.1.9a)
)))
(/usr/share/texlive/texmf-dist/tex/generic/pgf/modules/pgfmoduleshapes.code.tex
File: pgfmoduleshapes.code.tex 2021/05/15 v3.1.9a (3.1.9a)
\pgfnodeparttextbox=\box60
) (/usr/share/texlive/texmf-dist/tex/generic/pgf/modules/pgfmoduleplot.code.tex
File: pgfmoduleplot.code.tex 2021/05/15 v3.1.9a (3.1.9a)
)
(/usr/share/texlive/texmf-dist/tex/latex/pgf/compatibility/pgfcomp-version-0-65
.sty
Package: pgfcomp-version-0-65 2021/05/15 v3.1.9a (3.1.9a)
\pgf@nodesepstart=\dimen189
\pgf@nodesepend=\dimen190
)
(/usr/share/texlive/texmf-dist/tex/latex/pgf/compatibility/pgfcomp-version-1-18
.sty
Package: pgfcomp-version-1-18 2021/05/15 v3.1.9a (3.1.9a)
)) (/usr/share/texlive/texmf-dist/tex/latex/pgf/utilities/pgffor.sty
(/usr/share/texlive/texmf-dist/tex/latex/pgf/utilities/pgfkeys.sty
(/usr/share/texlive/texmf-dist/tex/generic/pgf/utilities/pgfkeys.code.tex))
(/usr/share/texlive/texmf-dist/tex/latex/pgf/math/pgfmath.sty
(/usr/share/texlive/texmf-dist/tex/generic/pgf/math/pgfmath.code.tex))
(/usr/share/texlive/texmf-dist/tex/generic/pgf/utilities/pgffor.code.tex
Package: pgffor 2021/05/15 v3.1.9a (3.1.9a)

(/usr/share/texlive/texmf-dist/tex/generic/pgf/math/pgfmath.code.tex)
\pgffor@iter=\dimen191
\pgffor@skip=\dimen192
\pgffor@stack=\toks38
\pgffor@toks=\toks39
))
(/usr/share/texlive/texmf-dist/tex/generic/pgf/frontendlayer/tikz/tikz.code.tex
Package: tikz 2021/05/15 v3.1.9a (3.1.9a)

(/usr/share/texlive/texmf-dist/tex/generic/pgf/libraries/pgflibraryplothandlers
.code.tex
File: pgflibraryplothandlers.code.tex 2021/05/15 v3.1.9a (3.1.9a)
\pgf@plot@mark@count=\count287
\pgfplotmarksize=\dimen193
)
\tikz@lastx=\dimen194
\tikz@lasty=\dimen195
\tikz@lastxsaved=\dimen196
\tikz@lastysaved=\dimen197
\tikz@lastmovetox=\dimen198
\tikz@lastmovetoy=\dimen199
\tikzleveldistance=\dimen256
\tikzsiblingdistance=\dimen257
\tikz@figbox=\box61
\tikz@figbox@bg=\box62
\tikz@tempbox=\box63
\tikz@tempbox@bg=\box64
\tikztreelevel=\count288
\tikznumberofchildren=\count289
\tikznumberofcurrentchild=\count290
\tikz@fig@count=\count291

(/usr/share/texlive/texmf-dist/tex/generic/pgf/modules/pgfmodulematrix.code.tex
File: pgfmodulematrix.code.tex 2021/05/15 v3.1.9a (3.1.9a)
\pgfmatrixcurrentrow=\count292
\pgfmatrixcurrentcolumn=\count293
\pgf@matrix@numberofcolumns=\count294
)
\tikz@expandcount=\count295

(/usr/share/texlive/texmf-dist/tex/generic/pgf/frontendlayer/tikz/libraries/tik
zlibrarytopaths.code.tex
File: tikzlibrarytopaths.code.tex 2021/05/15 v3.1.9a (3.1.9a)
)))
(/usr/share/texlive/texmf-dist/tex/generic/pgfplots/pgfplots.code.tex
(/usr/share/texlive/texmf-dist/tex/generic/pgfplots/pgfplotscore.code.tex
\t@pgfplots@toka=\toks40
\t@pgfplots@tokb=\toks41
\t@pgfplots@tokc=\toks42
\pgfplots@tmpa=\dimen258
\c@pgfplots@coordindex=\count296
\c@pgfplots@scanlineindex=\count297

(/usr/share/texlive/texmf-dist/tex/generic/pgfplots/sys/pgfplotssysgeneric.code
.tex))
(/usr/share/texlive/texmf-dist/tex/generic/pgfplots/libs/pgfplotslibrary.code.t
ex)
(/usr/share/texlive/texmf-dist/tex/generic/pgfplots/oldpgfcompatib/pgfplotsoldp
gfsupp_loader.code.tex
(/usr/share/texlive/texmf-dist/tex/generic/pgf/libraries/pgflibraryfpu.code.tex
))
(/usr/share/texlive/texmf-dist/tex/generic/pgfplots/util/pgfplotsutil.code.tex
(/usr/share/texlive/texmf-dist/tex/generic/pgfplots/liststructure/pgfplotslists
tructure.code.tex)
(/usr/share/texlive/texmf-dist/tex/generic/pgfplots/liststructure/pgfplotslists
tructureext.code.tex)
(/usr/share/texlive/texmf-dist/tex/generic/pgfplots/liststructure/pgfplotsarray
.code.tex
\c@pgfplotsarray@tmp=\count298
)
(/usr/share/texlive/texmf-dist/tex/generic/pgfplots/liststructure/pgfplotsmatri
x.code.tex)
(/usr/share/texlive/texmf-dist/tex/generic/pgfplots/numtable/pgfplotstableshare
d.code.tex
\c@pgfplotstable@counta=\count299
\t@pgfplotstable@a=\toks43
)
(/usr/share/texlive/texmf-dist/tex/generic/pgfplots/liststructure/pgfplotsdeque
.code.tex)
(/usr/share/texlive/texmf-dist/tex/generic/pgfplots/util/pgfplotsbinary.code.te
x
(/usr/share/texlive/texmf-dist/tex/generic/pgfplots/util/pgfplotsbinary.data.co
de.tex))
(/usr/share/texlive/texmf-dist/tex/generic/pgfplots/util/pgfplotsutil.verb.code
.tex)
(/usr/share/texlive/texmf-dist/tex/generic/pgfplots/libs/pgflibrarypgfplots.sur
fshading.code.tex
\c@pgfplotslibrarysurf@no=\count300

(/usr/share/texlive/texmf-dist/tex/generic/pgfplots/sys/pgflibrarypgfplots.surf
shading.pgfsys-pdftex.def)))
(/usr/share/texlive/texmf-dist/tex/generic/pgfplots/util/pgfplotscolormap.code.
tex
(/usr/share/texlive/texmf-dist/tex/generic/pgfplots/util/pgfplotscolor.code.tex
))
(/usr/share/texlive/texmf-dist/tex/generic/pgfplots/pgfplotsstackedplots.code.t
ex)
(/usr/share/texlive/texmf-dist/tex/generic/pgfplots/pgfplotsplothandlers.code.t
ex
(/usr/share/texlive/texmf-dist/tex/generic/pgfplots/pgfplotsmeshplothandler.cod
e.tex
(/usr/share/texlive/texmf-dist/tex/generic/pgfplots/pgfplotsmeshplotimage.code.
tex)))
(/usr/share/texlive/texmf-dist/tex/generic/pgfplots/pgfplots.scaling.code.tex)
(/usr/share/texlive/texmf-dist/tex/generic/pgfplots/pgfplotscoordprocessing.cod
e.tex)
(/usr/share/texlive/texmf-dist/tex/generic/pgfplots/pgfplots.errorbars.code.tex
) (/usr/share/texlive/texmf-dist/tex/generic/pgfplots/pgfplots.markers.code.tex
) (/usr/share/texlive/texmf-dist/tex/generic/pgfplots/pgfplotsticks.code.tex)
(/usr/share/texlive/texmf-dist/tex/generic/pgfplots/pgfplots.paths.code.tex)
(/usr/share/texlive/texmf-dist/tex/generic/pgf/frontendlayer/tikz/libraries/tik
zlibrarydecorations.code.tex
(/usr/share/texlive/texmf-dist/tex/generic/pgf/modules/pgfmoduledecorations.cod
e.tex
\pgfdecoratedcompleteddistance=\dimen259
\pgfdecoratedremainingdistance=\dimen260
\pgfdecoratedinputsegmentcompleteddistance=\dimen261
\pgfdecoratedinputsegmentremainingdistance=\dimen262
\pgf@decorate@distancetomove=\dimen263
\pgf@decorate@repeatstate=\count301
\pgfdecorationsegmentamplitude=\dimen264
\pgfdecorationsegmentlength=\dimen265
)
\tikz@lib@dec@box=\box65
)
(/usr/share/texlive/texmf-dist/tex/generic/pgf/frontendlayer/tikz/libraries/tik
zlibrarydecorations.pathmorphing.code.tex
(/usr/share/texlive/texmf-dist/tex/generic/pgf/libraries/decorations/pgflibrary
decorations.pathmorphing.code.tex))
(/usr/share/texlive/texmf-dist/tex/generic/pgf/frontendlayer/tikz/libraries/tik
zlibrarydecorations.pathreplacing.code.tex
(/usr/share/texlive/texmf-dist/tex/generic/pgf/libraries/decorations/pgflibrary
decorations.pathreplacing.code.tex))
(/usr/share/texlive/texmf-dist/tex/generic/pgfplots/libs/tikzlibrarypgfplots.co
ntourlua.code.tex)
\pgfplots@numplots=\count302
\pgfplots@xmin@reg=\dimen266
\pgfplots@xmax@reg=\dimen267
\pgfplots@ymin@reg=\dimen268
\pgfplots@ymax@reg=\dimen269
\pgfplots@zmin@reg=\dimen270
\pgfplots@zmax@reg=\dimen271
)
(/usr/share/texlive/texmf-dist/tex/generic/pgf/frontendlayer/tikz/libraries/tik
zlibraryplotmarks.code.tex
File: tikzlibraryplotmarks.code.tex 2021/05/15 v3.1.9a (3.1.9a)

(/usr/share/texlive/texmf-dist/tex/generic/pgf/libraries/pgflibraryplotmarks.co
de.tex
File: pgflibraryplotmarks.code.tex 2021/05/15 v3.1.9a (3.1.9a)
))) (/usr/share/texlive/texmf-dist/tex/latex/tocloft/tocloft.sty
Package: tocloft 2017/08/31 v2.3i parameterised ToC, etc., typesetting
Package tocloft Info: The document has chapter divisions on input line 51.
\cftparskip=\skip52
\cftbeforetoctitleskip=\skip53
\cftaftertoctitleskip=\skip54
\cftbeforepartskip=\skip55
\cftpartnumwidth=\skip56
\cftpartindent=\skip57
\cftbeforechapskip=\skip58
\cftchapindent=\skip59
\cftchapnumwidth=\skip60
\cftbeforesecskip=\skip61
\cftsecindent=\skip62
\cftsecnumwidth=\skip63
\cftbeforesubsecskip=\skip64
\cftsubsecindent=\skip65
\cftsubsecnumwidth=\skip66
\cftbeforesubsubsecskip=\skip67
\cftsubsubsecindent=\skip68
\cftsubsubsecnumwidth=\skip69
\cftbeforeparaskip=\skip70
\cftparaindent=\skip71
\cftparanumwidth=\skip72
\cftbeforesubparaskip=\skip73
\cftsubparaindent=\skip74
\cftsubparanumwidth=\skip75
\cftbeforeloftitleskip=\skip76
\cftafterloftitleskip=\skip77
\cftbeforefigskip=\skip78
\cftfigindent=\skip79
\cftfignumwidth=\skip80
\c@lofdepth=\count303
\c@lotdepth=\count304
\cftbeforelottitleskip=\skip81
\cftafterlottitleskip=\skip82
\cftbeforetabskip=\skip83
\cfttabindent=\skip84
\cfttabnumwidth=\skip85
)
(/usr/share/texlive/texmf-dist/tex/latex/listings/listings.sty
\lst@mode=\count305
\lst@gtempboxa=\box66
\lst@token=\toks44
\lst@length=\count306
\lst@currlwidth=\dimen272
\lst@column=\count307
\lst@pos=\count308
\lst@lostspace=\dimen273
\lst@width=\dimen274
\lst@newlines=\count309
\lst@lineno=\count310
\lst@maxwidth=\dimen275

(/usr/share/texlive/texmf-dist/tex/latex/listings/lstmisc.sty
File: lstmisc.sty 2020/03/24 1.8d (Carsten Heinz)
\c@lstnumber=\count311
\lst@skipnumbers=\count312
\lst@framebox=\box67
)
(/usr/share/texlive/texmf-dist/tex/latex/listings/listings.cfg
File: listings.cfg 2020/03/24 1.8d listings configuration
))
Package: listings 2020/03/24 1.8d (Carsten Heinz)

(/usr/share/texlive/texmf-dist/tex/latex/caption/caption.sty
Package: caption 2020/10/26 v3.5g Customizing captions (AR)

(/usr/share/texlive/texmf-dist/tex/latex/caption/caption3.sty
Package: caption3 2020/10/21 v2.2e caption3 kernel (AR)
\captionmargin=\dimen276
\captionmargin@=\dimen277
\captionwidth=\dimen278
\caption@tempdima=\dimen279
\caption@indent=\dimen280
\caption@parindent=\dimen281
\caption@hangindent=\dimen282
Package caption Info: Standard document class detected.
)
\c@caption@flags=\count313
\c@continuedfloat=\count314
Package caption Info: float package is loaded.
Package caption Info: listings package is loaded.
)
(/usr/share/texlive/texmf-dist/tex/latex/tools/longtable.sty
Package: longtable 2021-09-01 v4.17 Multi-page Table package (DPC)
\LTleft=\skip86
\LTright=\skip87
\LTpre=\skip88
\LTpost=\skip89
\LTchunksize=\count315
\LTcapwidth=\dimen283
\LT@head=\box68
\LT@firsthead=\box69
\LT@foot=\box70
\LT@lastfoot=\box71
\LT@gbox=\box72
\LT@cols=\count316
\LT@rows=\count317
\c@LT@tables=\count318
\c@LT@chunks=\count319
\LT@p@ftn=\toks45
)
(/usr/share/texlive/texmf-dist/tex/latex/tempora/tempora.sty
Package: tempora 2016/02/02 (msharpe) Style file for Tempora.

(/usr/share/texlive/texmf-dist/tex/latex/base/fontenc.sty
Package: fontenc 2021/04/29 v2.0v Standard LaTeX package

(/usr/share/texlive/texmf-dist/tex/latex/cyrillic/ot2enc.def
File: ot2enc.def 2001/08/11 v3.3a Cyrillic encoding definition file
Now handling font encoding OT2 ...
... processing UTF-8 mapping file for font encoding OT2

(/usr/share/texlive/texmf-dist/tex/latex/base/ot2enc.dfu
File: ot2enc.dfu 2021/06/21 v1.2n UTF-8 support
   defining Unicode char U+00AB (decimal 171)
   defining Unicode char U+00BB (decimal 187)
   defining Unicode char U+0131 (decimal 305)
   defining Unicode char U+0237 (decimal 567)
   defining Unicode char U+0400 (decimal 1024)
   defining Unicode char U+0401 (decimal 1025)
   defining Unicode char U+0402 (decimal 1026)
   defining Unicode char U+0403 (decimal 1027)
   defining Unicode char U+0404 (decimal 1028)
   defining Unicode char U+0405 (decimal 1029)
   defining Unicode char U+0406 (decimal 1030)
   defining Unicode char U+0408 (decimal 1032)
   defining Unicode char U+0409 (decimal 1033)
   defining Unicode char U+040A (decimal 1034)
   defining Unicode char U+040B (decimal 1035)
   defining Unicode char U+040C (decimal 1036)
   defining Unicode char U+040D (decimal 1037)
   defining Unicode char U+040F (decimal 1039)
   defining Unicode char U+0410 (decimal 1040)
   defining Unicode char U+0411 (decimal 1041)
   defining Unicode char U+0412 (decimal 1042)
   defining Unicode char U+0413 (decimal 1043)
   defining Unicode char U+0414 (decimal 1044)
   defining Unicode char U+0415 (decimal 1045)
   defining Unicode char U+0416 (decimal 1046)
   defining Unicode char U+0417 (decimal 1047)
   defining Unicode char U+0418 (decimal 1048)
   defining Unicode char U+0419 (decimal 1049)
   defining Unicode char U+041A (decimal 1050)
   defining Unicode char U+041B (decimal 1051)
   defining Unicode char U+041C (decimal 1052)
   defining Unicode char U+041D (decimal 1053)
   defining Unicode char U+041E (decimal 1054)
   defining Unicode char U+041F (decimal 1055)
   defining Unicode char U+0420 (decimal 1056)
   defining Unicode char U+0421 (decimal 1057)
   defining Unicode char U+0422 (decimal 1058)
   defining Unicode char U+0423 (decimal 1059)
   defining Unicode char U+0424 (decimal 1060)
   defining Unicode char U+0425 (decimal 1061)
   defining Unicode char U+0426 (decimal 1062)
   defining Unicode char U+0427 (decimal 1063)
   defining Unicode char U+0428 (decimal 1064)
   defining Unicode char U+0429 (decimal 1065)
   defining Unicode char U+042A (decimal 1066)
   defining Unicode char U+042B (decimal 1067)
   defining Unicode char U+042C (decimal 1068)
   defining Unicode char U+042D (decimal 1069)
   defining Unicode char U+042E (decimal 1070)
   defining Unicode char U+042F (decimal 1071)
   defining Unicode char U+0430 (decimal 1072)
   defining Unicode char U+0431 (decimal 1073)
   defining Unicode char U+0432 (decimal 1074)
   defining Unicode char U+0433 (decimal 1075)
   defining Unicode char U+0434 (decimal 1076)
   defining Unicode char U+0435 (decimal 1077)
   defining Unicode char U+0436 (decimal 1078)
   defining Unicode char U+0437 (decimal 1079)
   defining Unicode char U+0438 (decimal 1080)
   defining Unicode char U+0439 (decimal 1081)
   defining Unicode char U+043A (decimal 1082)
   defining Unicode char U+043B (decimal 1083)
   defining Unicode char U+043C (decimal 1084)
   defining Unicode char U+043D (decimal 1085)
   defining Unicode char U+043E (decimal 1086)
   defining Unicode char U+043F (decimal 1087)
   defining Unicode char U+0440 (decimal 1088)
   defining Unicode char U+0441 (decimal 1089)
   defining Unicode char U+0442 (decimal 1090)
   defining Unicode char U+0443 (decimal 1091)
   defining Unicode char U+0444 (decimal 1092)
   defining Unicode char U+0445 (decimal 1093)
   defining Unicode char U+0446 (decimal 1094)
   defining Unicode char U+0447 (decimal 1095)
   defining Unicode char U+0448 (decimal 1096)
   defining Unicode char U+0449 (decimal 1097)
   defining Unicode char U+044A (decimal 1098)
   defining Unicode char U+044B (decimal 1099)
   defining Unicode char U+044C (decimal 1100)
   defining Unicode char U+044D (decimal 1101)
   defining Unicode char U+044E (decimal 1102)
   defining Unicode char U+044F (decimal 1103)
   defining Unicode char U+0450 (decimal 1104)
   defining Unicode char U+0451 (decimal 1105)
   defining Unicode char U+0452 (decimal 1106)
   defining Unicode char U+0453 (decimal 1107)
   defining Unicode char U+0454 (decimal 1108)
   defining Unicode char U+0455 (decimal 1109)
   defining Unicode char U+0456 (decimal 1110)
   defining Unicode char U+0458 (decimal 1112)
   defining Unicode char U+0459 (decimal 1113)
   defining Unicode char U+045A (decimal 1114)
   defining Unicode char U+045B (decimal 1115)
   defining Unicode char U+045C (decimal 1116)
   defining Unicode char U+045D (decimal 1117)
   defining Unicode char U+045F (decimal 1119)
   defining Unicode char U+0462 (decimal 1122)
   defining Unicode char U+0463 (decimal 1123)
   defining Unicode char U+0472 (decimal 1138)
   defining Unicode char U+0473 (decimal 1139)
   defining Unicode char U+0474 (decimal 1140)
   defining Unicode char U+0475 (decimal 1141)
   defining Unicode char U+04C1 (decimal 1217)
   defining Unicode char U+04C2 (decimal 1218)
   defining Unicode char U+04D0 (decimal 1232)
   defining Unicode char U+04D1 (decimal 1233)
   defining Unicode char U+04D2 (decimal 1234)
   defining Unicode char U+04D3 (decimal 1235)
   defining Unicode char U+04D6 (decimal 1238)
   defining Unicode char U+04D7 (decimal 1239)
   defining Unicode char U+04DC (decimal 1244)
   defining Unicode char U+04DD (decimal 1245)
   defining Unicode char U+04DE (decimal 1246)
   defining Unicode char U+04DF (decimal 1247)
   defining Unicode char U+04E2 (decimal 1250)
   defining Unicode char U+04E3 (decimal 1251)
   defining Unicode char U+04E4 (decimal 1252)
   defining Unicode char U+04E5 (decimal 1253)
   defining Unicode char U+04E6 (decimal 1254)
   defining Unicode char U+04E7 (decimal 1255)
   defining Unicode char U+04EC (decimal 1260)
   defining Unicode char U+04ED (decimal 1261)
   defining Unicode char U+04EE (decimal 1262)
   defining Unicode char U+04EF (decimal 1263)
   defining Unicode char U+04F0 (decimal 1264)
   defining Unicode char U+04F1 (decimal 1265)
   defining Unicode char U+04F2 (decimal 1266)
   defining Unicode char U+04F3 (decimal 1267)
   defining Unicode char U+04F4 (decimal 1268)
   defining Unicode char U+04F5 (decimal 1269)
   defining Unicode char U+04F8 (decimal 1272)
   defining Unicode char U+04F9 (decimal 1273)
   defining Unicode char U+2013 (decimal 8211)
   defining Unicode char U+2014 (decimal 8212)
   defining Unicode char U+2018 (decimal 8216)
   defining Unicode char U+2019 (decimal 8217)
   defining Unicode char U+201C (decimal 8220)
   defining Unicode char U+201D (decimal 8221)
   defining Unicode char U+2116 (decimal 8470)
)
\symOT2letters=\mathgroup6
)
(/usr/share/texlive/texmf-dist/tex/latex/cyrillic/t2cenc.def
File: t2cenc.def 2005/09/27 v1.0i Cyrillic encoding definition file
Now handling font encoding T2C ...
... processing UTF-8 mapping file for font encoding T2C

(/usr/share/texlive/texmf-dist/tex/latex/base/t2cenc.dfu
File: t2cenc.dfu 2021/06/21 v1.2n UTF-8 support
   defining Unicode char U+00A4 (decimal 164)
   defining Unicode char U+00A7 (decimal 167)
   defining Unicode char U+00AB (decimal 171)
   defining Unicode char U+00BB (decimal 187)
   defining Unicode char U+0131 (decimal 305)
   defining Unicode char U+0237 (decimal 567)
   defining Unicode char U+0400 (decimal 1024)
   defining Unicode char U+0401 (decimal 1025)
   defining Unicode char U+0403 (decimal 1027)
   defining Unicode char U+0405 (decimal 1029)
   defining Unicode char U+0406 (decimal 1030)
   defining Unicode char U+0408 (decimal 1032)
   defining Unicode char U+040C (decimal 1036)
   defining Unicode char U+040D (decimal 1037)
   defining Unicode char U+040F (decimal 1039)
   defining Unicode char U+0410 (decimal 1040)
   defining Unicode char U+0411 (decimal 1041)
   defining Unicode char U+0412 (decimal 1042)
   defining Unicode char U+0413 (decimal 1043)
   defining Unicode char U+0414 (decimal 1044)
   defining Unicode char U+0415 (decimal 1045)
   defining Unicode char U+0416 (decimal 1046)
   defining Unicode char U+0417 (decimal 1047)
   defining Unicode char U+0418 (decimal 1048)
   defining Unicode char U+0419 (decimal 1049)
   defining Unicode char U+041A (decimal 1050)
   defining Unicode char U+041B (decimal 1051)
   defining Unicode char U+041C (decimal 1052)
   defining Unicode char U+041D (decimal 1053)
   defining Unicode char U+041E (decimal 1054)
   defining Unicode char U+041F (decimal 1055)
   defining Unicode char U+0420 (decimal 1056)
   defining Unicode char U+0421 (decimal 1057)
   defining Unicode char U+0422 (decimal 1058)
   defining Unicode char U+0423 (decimal 1059)
   defining Unicode char U+0424 (decimal 1060)
   defining Unicode char U+0425 (decimal 1061)
   defining Unicode char U+0426 (decimal 1062)
   defining Unicode char U+0427 (decimal 1063)
   defining Unicode char U+0428 (decimal 1064)
   defining Unicode char U+0429 (decimal 1065)
   defining Unicode char U+042A (decimal 1066)
   defining Unicode char U+042B (decimal 1067)
   defining Unicode char U+042C (decimal 1068)
   defining Unicode char U+042D (decimal 1069)
   defining Unicode char U+042E (decimal 1070)
   defining Unicode char U+042F (decimal 1071)
   defining Unicode char U+0430 (decimal 1072)
   defining Unicode char U+0431 (decimal 1073)
   defining Unicode char U+0432 (decimal 1074)
   defining Unicode char U+0433 (decimal 1075)
   defining Unicode char U+0434 (decimal 1076)
   defining Unicode char U+0435 (decimal 1077)
   defining Unicode char U+0436 (decimal 1078)
   defining Unicode char U+0437 (decimal 1079)
   defining Unicode char U+0438 (decimal 1080)
   defining Unicode char U+0439 (decimal 1081)
   defining Unicode char U+043A (decimal 1082)
   defining Unicode char U+043B (decimal 1083)
   defining Unicode char U+043C (decimal 1084)
   defining Unicode char U+043D (decimal 1085)
   defining Unicode char U+043E (decimal 1086)
   defining Unicode char U+043F (decimal 1087)
   defining Unicode char U+0440 (decimal 1088)
   defining Unicode char U+0441 (decimal 1089)
   defining Unicode char U+0442 (decimal 1090)
   defining Unicode char U+0443 (decimal 1091)
   defining Unicode char U+0444 (decimal 1092)
   defining Unicode char U+0445 (decimal 1093)
   defining Unicode char U+0446 (decimal 1094)
   defining Unicode char U+0447 (decimal 1095)
   defining Unicode char U+0448 (decimal 1096)
   defining Unicode char U+0449 (decimal 1097)
   defining Unicode char U+044A (decimal 1098)
   defining Unicode char U+044B (decimal 1099)
   defining Unicode char U+044C (decimal 1100)
   defining Unicode char U+044D (decimal 1101)
   defining Unicode char U+044E (decimal 1102)
   defining Unicode char U+044F (decimal 1103)
   defining Unicode char U+0450 (decimal 1104)
   defining Unicode char U+0451 (decimal 1105)
   defining Unicode char U+0453 (decimal 1107)
   defining Unicode char U+0455 (decimal 1109)
   defining Unicode char U+0456 (decimal 1110)
   defining Unicode char U+0458 (decimal 1112)
   defining Unicode char U+045C (decimal 1116)
   defining Unicode char U+045D (decimal 1117)
   defining Unicode char U+045F (decimal 1119)
   defining Unicode char U+048C (decimal 1164)
   defining Unicode char U+048D (decimal 1165)
   defining Unicode char U+048E (decimal 1166)
   defining Unicode char U+048F (decimal 1167)
   defining Unicode char U+0494 (decimal 1172)
   defining Unicode char U+0495 (decimal 1173)
   defining Unicode char U+049A (decimal 1178)
   defining Unicode char U+049B (decimal 1179)
   defining Unicode char U+049E (decimal 1182)
   defining Unicode char U+049F (decimal 1183)
   defining Unicode char U+04A2 (decimal 1186)
   defining Unicode char U+04A3 (decimal 1187)
   defining Unicode char U+04A6 (decimal 1190)
   defining Unicode char U+04A7 (decimal 1191)
   defining Unicode char U+04A8 (decimal 1192)
   defining Unicode char U+04A9 (decimal 1193)
   defining Unicode char U+04AC (decimal 1196)
   defining Unicode char U+04AD (decimal 1197)
   defining Unicode char U+04B2 (decimal 1202)
   defining Unicode char U+04B3 (decimal 1203)
   defining Unicode char U+04B4 (decimal 1204)
   defining Unicode char U+04B5 (decimal 1205)
   defining Unicode char U+04B6 (decimal 1206)
   defining Unicode char U+04B7 (decimal 1207)
   defining Unicode char U+04BA (decimal 1210)
   defining Unicode char U+04BB (decimal 1211)
   defining Unicode char U+04BC (decimal 1212)
   defining Unicode char U+04BD (decimal 1213)
   defining Unicode char U+04BE (decimal 1214)
   defining Unicode char U+04BF (decimal 1215)
   defining Unicode char U+04C0 (decimal 1216)
   defining Unicode char U+04C1 (decimal 1217)
   defining Unicode char U+04C2 (decimal 1218)
   defining Unicode char U+04C5 (decimal 1221)
   defining Unicode char U+04C6 (decimal 1222)
   defining Unicode char U+04C7 (decimal 1223)
   defining Unicode char U+04C8 (decimal 1224)
   defining Unicode char U+04CD (decimal 1229)
   defining Unicode char U+04CE (decimal 1230)
   defining Unicode char U+04D0 (decimal 1232)
   defining Unicode char U+04D1 (decimal 1233)
   defining Unicode char U+04D2 (decimal 1234)
   defining Unicode char U+04D3 (decimal 1235)
   defining Unicode char U+04D6 (decimal 1238)
   defining Unicode char U+04D7 (decimal 1239)
   defining Unicode char U+04D8 (decimal 1240)
   defining Unicode char U+04D9 (decimal 1241)
   defining Unicode char U+04DA (decimal 1242)
   defining Unicode char U+04DB (decimal 1243)
   defining Unicode char U+04DC (decimal 1244)
   defining Unicode char U+04DD (decimal 1245)
   defining Unicode char U+04DE (decimal 1246)
   defining Unicode char U+04DF (decimal 1247)
   defining Unicode char U+04E0 (decimal 1248)
   defining Unicode char U+04E1 (decimal 1249)
   defining Unicode char U+04E2 (decimal 1250)
   defining Unicode char U+04E3 (decimal 1251)
   defining Unicode char U+04E4 (decimal 1252)
   defining Unicode char U+04E5 (decimal 1253)
   defining Unicode char U+04E6 (decimal 1254)
   defining Unicode char U+04E7 (decimal 1255)
   defining Unicode char U+04E8 (decimal 1256)
   defining Unicode char U+04E9 (decimal 1257)
   defining Unicode char U+04EC (decimal 1260)
   defining Unicode char U+04ED (decimal 1261)
   defining Unicode char U+04EE (decimal 1262)
   defining Unicode char U+04EF (decimal 1263)
   defining Unicode char U+04F0 (decimal 1264)
   defining Unicode char U+04F1 (decimal 1265)
   defining Unicode char U+04F2 (decimal 1266)
   defining Unicode char U+04F3 (decimal 1267)
   defining Unicode char U+04F4 (decimal 1268)
   defining Unicode char U+04F5 (decimal 1269)
   defining Unicode char U+04F8 (decimal 1272)
   defining Unicode char U+04F9 (decimal 1273)
   defining Unicode char U+200C (decimal 8204)
   defining Unicode char U+2013 (decimal 8211)
   defining Unicode char U+2014 (decimal 8212)
   defining Unicode char U+2018 (decimal 8216)
   defining Unicode char U+2019 (decimal 8217)
   defining Unicode char U+201C (decimal 8220)
   defining Unicode char U+201D (decimal 8221)
   defining Unicode char U+201E (decimal 8222)
   defining Unicode char U+2030 (decimal 8240)
   defining Unicode char U+2031 (decimal 8241)
   defining Unicode char U+2116 (decimal 8470)
   defining Unicode char U+2329 (decimal 9001)
   defining Unicode char U+232A (decimal 9002)
   defining Unicode char U+2423 (decimal 9251)
   defining Unicode char U+27E8 (decimal 10216)
   defining Unicode char U+27E9 (decimal 10217)
   defining Unicode char U+FB00 (decimal 64256)
   defining Unicode char U+FB01 (decimal 64257)
   defining Unicode char U+FB02 (decimal 64258)
   defining Unicode char U+FB03 (decimal 64259)
   defining Unicode char U+FB04 (decimal 64260)
   defining Unicode char U+FB05 (decimal 64261)
   defining Unicode char U+FB06 (decimal 64262)
)
\symT2Cletters=\mathgroup7
)
(/usr/share/texlive/texmf-dist/tex/latex/cyrillic/t2benc.def
File: t2benc.def 2005/09/27 v1.0i Cyrillic encoding definition file
Now handling font encoding T2B ...
... processing UTF-8 mapping file for font encoding T2B

(/usr/share/texlive/texmf-dist/tex/latex/base/t2benc.dfu
File: t2benc.dfu 2021/06/21 v1.2n UTF-8 support
   defining Unicode char U+00A4 (decimal 164)
   defining Unicode char U+00A7 (decimal 167)
   defining Unicode char U+00AB (decimal 171)
   defining Unicode char U+00BB (decimal 187)
   defining Unicode char U+0131 (decimal 305)
   defining Unicode char U+0237 (decimal 567)
   defining Unicode char U+0400 (decimal 1024)
   defining Unicode char U+0401 (decimal 1025)
   defining Unicode char U+0403 (decimal 1027)
   defining Unicode char U+0405 (decimal 1029)
   defining Unicode char U+0406 (decimal 1030)
   defining Unicode char U+0408 (decimal 1032)
   defining Unicode char U+0409 (decimal 1033)
   defining Unicode char U+040A (decimal 1034)
   defining Unicode char U+040C (decimal 1036)
   defining Unicode char U+040D (decimal 1037)
   defining Unicode char U+040E (decimal 1038)
   defining Unicode char U+0410 (decimal 1040)
   defining Unicode char U+0411 (decimal 1041)
   defining Unicode char U+0412 (decimal 1042)
   defining Unicode char U+0413 (decimal 1043)
   defining Unicode char U+0414 (decimal 1044)
   defining Unicode char U+0415 (decimal 1045)
   defining Unicode char U+0416 (decimal 1046)
   defining Unicode char U+0417 (decimal 1047)
   defining Unicode char U+0418 (decimal 1048)
   defining Unicode char U+0419 (decimal 1049)
   defining Unicode char U+041A (decimal 1050)
   defining Unicode char U+041B (decimal 1051)
   defining Unicode char U+041C (decimal 1052)
   defining Unicode char U+041D (decimal 1053)
   defining Unicode char U+041E (decimal 1054)
   defining Unicode char U+041F (decimal 1055)
   defining Unicode char U+0420 (decimal 1056)
   defining Unicode char U+0421 (decimal 1057)
   defining Unicode char U+0422 (decimal 1058)
   defining Unicode char U+0423 (decimal 1059)
   defining Unicode char U+0424 (decimal 1060)
   defining Unicode char U+0425 (decimal 1061)
   defining Unicode char U+0426 (decimal 1062)
   defining Unicode char U+0427 (decimal 1063)
   defining Unicode char U+0428 (decimal 1064)
   defining Unicode char U+0429 (decimal 1065)
   defining Unicode char U+042A (decimal 1066)
   defining Unicode char U+042B (decimal 1067)
   defining Unicode char U+042C (decimal 1068)
   defining Unicode char U+042D (decimal 1069)
   defining Unicode char U+042E (decimal 1070)
   defining Unicode char U+042F (decimal 1071)
   defining Unicode char U+0430 (decimal 1072)
   defining Unicode char U+0431 (decimal 1073)
   defining Unicode char U+0432 (decimal 1074)
   defining Unicode char U+0433 (decimal 1075)
   defining Unicode char U+0434 (decimal 1076)
   defining Unicode char U+0435 (decimal 1077)
   defining Unicode char U+0436 (decimal 1078)
   defining Unicode char U+0437 (decimal 1079)
   defining Unicode char U+0438 (decimal 1080)
   defining Unicode char U+0439 (decimal 1081)
   defining Unicode char U+043A (decimal 1082)
   defining Unicode char U+043B (decimal 1083)
   defining Unicode char U+043C (decimal 1084)
   defining Unicode char U+043D (decimal 1085)
   defining Unicode char U+043E (decimal 1086)
   defining Unicode char U+043F (decimal 1087)
   defining Unicode char U+0440 (decimal 1088)
   defining Unicode char U+0441 (decimal 1089)
   defining Unicode char U+0442 (decimal 1090)
   defining Unicode char U+0443 (decimal 1091)
   defining Unicode char U+0444 (decimal 1092)
   defining Unicode char U+0445 (decimal 1093)
   defining Unicode char U+0446 (decimal 1094)
   defining Unicode char U+0447 (decimal 1095)
   defining Unicode char U+0448 (decimal 1096)
   defining Unicode char U+0449 (decimal 1097)
   defining Unicode char U+044A (decimal 1098)
   defining Unicode char U+044B (decimal 1099)
   defining Unicode char U+044C (decimal 1100)
   defining Unicode char U+044D (decimal 1101)
   defining Unicode char U+044E (decimal 1102)
   defining Unicode char U+044F (decimal 1103)
   defining Unicode char U+0450 (decimal 1104)
   defining Unicode char U+0451 (decimal 1105)
   defining Unicode char U+0453 (decimal 1107)
   defining Unicode char U+0455 (decimal 1109)
   defining Unicode char U+0456 (decimal 1110)
   defining Unicode char U+0458 (decimal 1112)
   defining Unicode char U+0459 (decimal 1113)
   defining Unicode char U+045A (decimal 1114)
   defining Unicode char U+045C (decimal 1116)
   defining Unicode char U+045D (decimal 1117)
   defining Unicode char U+045E (decimal 1118)
   defining Unicode char U+0492 (decimal 1170)
   defining Unicode char U+0493 (decimal 1171)
   defining Unicode char U+0494 (decimal 1172)
   defining Unicode char U+0495 (decimal 1173)
   defining Unicode char U+0496 (decimal 1174)
   defining Unicode char U+0497 (decimal 1175)
   defining Unicode char U+049A (decimal 1178)
   defining Unicode char U+049B (decimal 1179)
   defining Unicode char U+04A2 (decimal 1186)
   defining Unicode char U+04A3 (decimal 1187)
   defining Unicode char U+04A4 (decimal 1188)
   defining Unicode char U+04A5 (decimal 1189)
   defining Unicode char U+04AE (decimal 1198)
   defining Unicode char U+04AF (decimal 1199)
   defining Unicode char U+04B2 (decimal 1202)
   defining Unicode char U+04B3 (decimal 1203)
   defining Unicode char U+04B6 (decimal 1206)
   defining Unicode char U+04B7 (decimal 1207)
   defining Unicode char U+04BA (decimal 1210)
   defining Unicode char U+04BB (decimal 1211)
   defining Unicode char U+04C0 (decimal 1216)
   defining Unicode char U+04C1 (decimal 1217)
   defining Unicode char U+04C2 (decimal 1218)
   defining Unicode char U+04C3 (decimal 1219)
   defining Unicode char U+04C4 (decimal 1220)
   defining Unicode char U+04C5 (decimal 1221)
   defining Unicode char U+04C6 (decimal 1222)
   defining Unicode char U+04C7 (decimal 1223)
   defining Unicode char U+04C8 (decimal 1224)
   defining Unicode char U+04CB (decimal 1227)
   defining Unicode char U+04CC (decimal 1228)
   defining Unicode char U+04D0 (decimal 1232)
   defining Unicode char U+04D1 (decimal 1233)
   defining Unicode char U+04D2 (decimal 1234)
   defining Unicode char U+04D3 (decimal 1235)
   defining Unicode char U+04D6 (decimal 1238)
   defining Unicode char U+04D7 (decimal 1239)
   defining Unicode char U+04D8 (decimal 1240)
   defining Unicode char U+04D9 (decimal 1241)
   defining Unicode char U+04DA (decimal 1242)
   defining Unicode char U+04DB (decimal 1243)
   defining Unicode char U+04DC (decimal 1244)
   defining Unicode char U+04DD (decimal 1245)
   defining Unicode char U+04DE (decimal 1246)
   defining Unicode char U+04DF (decimal 1247)
   defining Unicode char U+04E0 (decimal 1248)
   defining Unicode char U+04E1 (decimal 1249)
   defining Unicode char U+04E2 (decimal 1250)
   defining Unicode char U+04E3 (decimal 1251)
   defining Unicode char U+04E4 (decimal 1252)
   defining Unicode char U+04E5 (decimal 1253)
   defining Unicode char U+04E6 (decimal 1254)
   defining Unicode char U+04E7 (decimal 1255)
   defining Unicode char U+04E8 (decimal 1256)
   defining Unicode char U+04E9 (decimal 1257)
   defining Unicode char U+04EC (decimal 1260)
   defining Unicode char U+04ED (decimal 1261)
   defining Unicode char U+04EE (decimal 1262)
   defining Unicode char U+04EF (decimal 1263)
   defining Unicode char U+04F0 (decimal 1264)
   defining Unicode char U+04F1 (decimal 1265)
   defining Unicode char U+04F2 (decimal 1266)
   defining Unicode char U+04F3 (decimal 1267)
   defining Unicode char U+04F4 (decimal 1268)
   defining Unicode char U+04F5 (decimal 1269)
   defining Unicode char U+04F6 (decimal 1270)
   defining Unicode char U+04F7 (decimal 1271)
   defining Unicode char U+04F8 (decimal 1272)
   defining Unicode char U+04F9 (decimal 1273)
   defining Unicode char U+04FA (decimal 1274)
   defining Unicode char U+04FB (decimal 1275)
   defining Unicode char U+04FC (decimal 1276)
   defining Unicode char U+04FD (decimal 1277)
   defining Unicode char U+04FE (decimal 1278)
   defining Unicode char U+04FF (decimal 1279)
   defining Unicode char U+200C (decimal 8204)
   defining Unicode char U+2013 (decimal 8211)
   defining Unicode char U+2014 (decimal 8212)
   defining Unicode char U+2018 (decimal 8216)
   defining Unicode char U+2019 (decimal 8217)
   defining Unicode char U+201C (decimal 8220)
   defining Unicode char U+201D (decimal 8221)
   defining Unicode char U+201E (decimal 8222)
   defining Unicode char U+2030 (decimal 8240)
   defining Unicode char U+2031 (decimal 8241)
   defining Unicode char U+2116 (decimal 8470)
   defining Unicode char U+2329 (decimal 9001)
   defining Unicode char U+232A (decimal 9002)
   defining Unicode char U+2423 (decimal 9251)
   defining Unicode char U+27E8 (decimal 10216)
   defining Unicode char U+27E9 (decimal 10217)
   defining Unicode char U+FB00 (decimal 64256)
   defining Unicode char U+FB01 (decimal 64257)
   defining Unicode char U+FB02 (decimal 64258)
   defining Unicode char U+FB03 (decimal 64259)
   defining Unicode char U+FB04 (decimal 64260)
   defining Unicode char U+FB05 (decimal 64261)
   defining Unicode char U+FB06 (decimal 64262)
)
\symT2Bletters=\mathgroup8
)
(/usr/share/texlive/texmf-dist/tex/latex/greek-fontenc/lgrenc.def
File: lgrenc.def 2020/10/13 2.0 LGR Greek font encoding definitions
Now handling font encoding LGR ...
... processing UTF-8 mapping file for font encoding LGR

(/usr/share/texlive/texmf-dist/tex/latex/greek-inputenc/lgrenc.dfu
File: lgrenc.dfu 2019/07/11 1.7 UTF-8 support for Greek
   defining Unicode char U+00A8 (decimal 168)
   defining Unicode char U+00AB (decimal 171)
   defining Unicode char U+00AF (decimal 175)
   defining Unicode char U+00B4 (decimal 180)
   defining Unicode char U+00B7 (decimal 183)
   defining Unicode char U+00BB (decimal 187)
   defining Unicode char U+0259 (decimal 601)
   defining Unicode char U+02D8 (decimal 728)
   defining Unicode char U+0374 (decimal 884)
   defining Unicode char U+0375 (decimal 885)
   defining Unicode char U+037A (decimal 890)
   defining Unicode char U+037E (decimal 894)
   defining Unicode char U+0384 (decimal 900)
   defining Unicode char U+0385 (decimal 901)
   defining Unicode char U+0386 (decimal 902)
   defining Unicode char U+0387 (decimal 903)
   defining Unicode char U+0388 (decimal 904)
   defining Unicode char U+0389 (decimal 905)
   defining Unicode char U+038A (decimal 906)
   defining Unicode char U+038C (decimal 908)
   defining Unicode char U+038E (decimal 910)
   defining Unicode char U+038F (decimal 911)
   defining Unicode char U+0390 (decimal 912)
   defining Unicode char U+0391 (decimal 913)
   defining Unicode char U+0392 (decimal 914)
   defining Unicode char U+0393 (decimal 915)
   defining Unicode char U+0394 (decimal 916)
   defining Unicode char U+0395 (decimal 917)
   defining Unicode char U+0396 (decimal 918)
   defining Unicode char U+0397 (decimal 919)
   defining Unicode char U+0398 (decimal 920)
   defining Unicode char U+0399 (decimal 921)
   defining Unicode char U+039A (decimal 922)
   defining Unicode char U+039B (decimal 923)
   defining Unicode char U+039C (decimal 924)
   defining Unicode char U+039D (decimal 925)
   defining Unicode char U+039E (decimal 926)
   defining Unicode char U+039F (decimal 927)
   defining Unicode char U+03A0 (decimal 928)
   defining Unicode char U+03A1 (decimal 929)
   defining Unicode char U+03A3 (decimal 931)
   defining Unicode char U+03A4 (decimal 932)
   defining Unicode char U+03A5 (decimal 933)
   defining Unicode char U+03A6 (decimal 934)
   defining Unicode char U+03A7 (decimal 935)
   defining Unicode char U+03A8 (decimal 936)
   defining Unicode char U+03A9 (decimal 937)
   defining Unicode char U+03AA (decimal 938)
   defining Unicode char U+03AB (decimal 939)
   defining Unicode char U+03AC (decimal 940)
   defining Unicode char U+03AD (decimal 941)
   defining Unicode char U+03AE (decimal 942)
   defining Unicode char U+03AF (decimal 943)
   defining Unicode char U+03B0 (decimal 944)
   defining Unicode char U+03B1 (decimal 945)
   defining Unicode char U+03B2 (decimal 946)
   defining Unicode char U+03B3 (decimal 947)
   defining Unicode char U+03B4 (decimal 948)
   defining Unicode char U+03B5 (decimal 949)
   defining Unicode char U+03B6 (decimal 950)
   defining Unicode char U+03B7 (decimal 951)
   defining Unicode char U+03B8 (decimal 952)
   defining Unicode char U+03B9 (decimal 953)
   defining Unicode char U+03BA (decimal 954)
   defining Unicode char U+03BB (decimal 955)
   defining Unicode char U+03BC (decimal 956)
   defining Unicode char U+03BD (decimal 957)
   defining Unicode char U+03BE (decimal 958)
   defining Unicode char U+03BF (decimal 959)
   defining Unicode char U+03C0 (decimal 960)
   defining Unicode char U+03C1 (decimal 961)
   defining Unicode char U+03C2 (decimal 962)
   defining Unicode char U+03C3 (decimal 963)
   defining Unicode char U+03C4 (decimal 964)
   defining Unicode char U+03C5 (decimal 965)
   defining Unicode char U+03C6 (decimal 966)
   defining Unicode char U+03C7 (decimal 967)
   defining Unicode char U+03C8 (decimal 968)
   defining Unicode char U+03C9 (decimal 969)
   defining Unicode char U+03CA (decimal 970)
   defining Unicode char U+03CB (decimal 971)
   defining Unicode char U+03CC (decimal 972)
   defining Unicode char U+03CD (decimal 973)
   defining Unicode char U+03CE (decimal 974)
   defining Unicode char U+03D0 (decimal 976)
   defining Unicode char U+03D1 (decimal 977)
   defining Unicode char U+03D5 (decimal 981)
   defining Unicode char U+03D6 (decimal 982)
   defining Unicode char U+03D8 (decimal 984)
   defining Unicode char U+03D9 (decimal 985)
   defining Unicode char U+03DA (decimal 986)
   defining Unicode char U+03DB (decimal 987)
   defining Unicode char U+03DC (decimal 988)
   defining Unicode char U+03DD (decimal 989)
   defining Unicode char U+03DF (decimal 991)
   defining Unicode char U+03E0 (decimal 992)
   defining Unicode char U+03E1 (decimal 993)
   defining Unicode char U+03F0 (decimal 1008)
   defining Unicode char U+03F1 (decimal 1009)
   defining Unicode char U+03F4 (decimal 1012)
   defining Unicode char U+03F5 (decimal 1013)
   defining Unicode char U+1F00 (decimal 7936)
   defining Unicode char U+1F01 (decimal 7937)
   defining Unicode char U+1F02 (decimal 7938)
   defining Unicode char U+1F03 (decimal 7939)
   defining Unicode char U+1F04 (decimal 7940)
   defining Unicode char U+1F05 (decimal 7941)
   defining Unicode char U+1F06 (decimal 7942)
   defining Unicode char U+1F07 (decimal 7943)
   defining Unicode char U+1F08 (decimal 7944)
   defining Unicode char U+1F09 (decimal 7945)
   defining Unicode char U+1F0A (decimal 7946)
   defining Unicode char U+1F0B (decimal 7947)
   defining Unicode char U+1F0C (decimal 7948)
   defining Unicode char U+1F0D (decimal 7949)
   defining Unicode char U+1F0E (decimal 7950)
   defining Unicode char U+1F0F (decimal 7951)
   defining Unicode char U+1F10 (decimal 7952)
   defining Unicode char U+1F11 (decimal 7953)
   defining Unicode char U+1F12 (decimal 7954)
   defining Unicode char U+1F13 (decimal 7955)
   defining Unicode char U+1F14 (decimal 7956)
   defining Unicode char U+1F15 (decimal 7957)
   defining Unicode char U+1F18 (decimal 7960)
   defining Unicode char U+1F19 (decimal 7961)
   defining Unicode char U+1F1A (decimal 7962)
   defining Unicode char U+1F1B (decimal 7963)
   defining Unicode char U+1F1C (decimal 7964)
   defining Unicode char U+1F1D (decimal 7965)
   defining Unicode char U+1F20 (decimal 7968)
   defining Unicode char U+1F21 (decimal 7969)
   defining Unicode char U+1F22 (decimal 7970)
   defining Unicode char U+1F23 (decimal 7971)
   defining Unicode char U+1F24 (decimal 7972)
   defining Unicode char U+1F25 (decimal 7973)
   defining Unicode char U+1F26 (decimal 7974)
   defining Unicode char U+1F27 (decimal 7975)
   defining Unicode char U+1F28 (decimal 7976)
   defining Unicode char U+1F29 (decimal 7977)
   defining Unicode char U+1F2A (decimal 7978)
   defining Unicode char U+1F2B (decimal 7979)
   defining Unicode char U+1F2C (decimal 7980)
   defining Unicode char U+1F2D (decimal 7981)
   defining Unicode char U+1F2E (decimal 7982)
   defining Unicode char U+1F2F (decimal 7983)
   defining Unicode char U+1F30 (decimal 7984)
   defining Unicode char U+1F31 (decimal 7985)
   defining Unicode char U+1F32 (decimal 7986)
   defining Unicode char U+1F33 (decimal 7987)
   defining Unicode char U+1F34 (decimal 7988)
   defining Unicode char U+1F35 (decimal 7989)
   defining Unicode char U+1F36 (decimal 7990)
   defining Unicode char U+1F37 (decimal 7991)
   defining Unicode char U+1F38 (decimal 7992)
   defining Unicode char U+1F39 (decimal 7993)
   defining Unicode char U+1F3A (decimal 7994)
   defining Unicode char U+1F3B (decimal 7995)
   defining Unicode char U+1F3C (decimal 7996)
   defining Unicode char U+1F3D (decimal 7997)
   defining Unicode char U+1F3E (decimal 7998)
   defining Unicode char U+1F3F (decimal 7999)
   defining Unicode char U+1F40 (decimal 8000)
   defining Unicode char U+1F41 (decimal 8001)
   defining Unicode char U+1F42 (decimal 8002)
   defining Unicode char U+1F43 (decimal 8003)
   defining Unicode char U+1F44 (decimal 8004)
   defining Unicode char U+1F45 (decimal 8005)
   defining Unicode char U+1F48 (decimal 8008)
   defining Unicode char U+1F49 (decimal 8009)
   defining Unicode char U+1F4A (decimal 8010)
   defining Unicode char U+1F4B (decimal 8011)
   defining Unicode char U+1F4C (decimal 8012)
   defining Unicode char U+1F4D (decimal 8013)
   defining Unicode char U+1F50 (decimal 8016)
   defining Unicode char U+1F51 (decimal 8017)
   defining Unicode char U+1F52 (decimal 8018)
   defining Unicode char U+1F53 (decimal 8019)
   defining Unicode char U+1F54 (decimal 8020)
   defining Unicode char U+1F55 (decimal 8021)
   defining Unicode char U+1F56 (decimal 8022)
   defining Unicode char U+1F57 (decimal 8023)
   defining Unicode char U+1F59 (decimal 8025)
   defining Unicode char U+1F5B (decimal 8027)
   defining Unicode char U+1F5D (decimal 8029)
   defining Unicode char U+1F5F (decimal 8031)
   defining Unicode char U+1F60 (decimal 8032)
   defining Unicode char U+1F61 (decimal 8033)
   defining Unicode char U+1F62 (decimal 8034)
   defining Unicode char U+1F63 (decimal 8035)
   defining Unicode char U+1F64 (decimal 8036)
   defining Unicode char U+1F65 (decimal 8037)
   defining Unicode char U+1F66 (decimal 8038)
   defining Unicode char U+1F67 (decimal 8039)
   defining Unicode char U+1F68 (decimal 8040)
   defining Unicode char U+1F69 (decimal 8041)
   defining Unicode char U+1F6A (decimal 8042)
   defining Unicode char U+1F6B (decimal 8043)
   defining Unicode char U+1F6C (decimal 8044)
   defining Unicode char U+1F6D (decimal 8045)
   defining Unicode char U+1F6E (decimal 8046)
   defining Unicode char U+1F6F (decimal 8047)
   defining Unicode char U+1F70 (decimal 8048)
   defining Unicode char U+1F71 (decimal 8049)
   defining Unicode char U+1F72 (decimal 8050)
   defining Unicode char U+1F73 (decimal 8051)
   defining Unicode char U+1F74 (decimal 8052)
   defining Unicode char U+1F75 (decimal 8053)
   defining Unicode char U+1F76 (decimal 8054)
   defining Unicode char U+1F77 (decimal 8055)
   defining Unicode char U+1F78 (decimal 8056)
   defining Unicode char U+1F79 (decimal 8057)
   defining Unicode char U+1F7A (decimal 8058)
   defining Unicode char U+1F7B (decimal 8059)
   defining Unicode char U+1F7C (decimal 8060)
   defining Unicode char U+1F7D (decimal 8061)
   defining Unicode char U+1F80 (decimal 8064)
   defining Unicode char U+1F81 (decimal 8065)
   defining Unicode char U+1F82 (decimal 8066)
   defining Unicode char U+1F83 (decimal 8067)
   defining Unicode char U+1F84 (decimal 8068)
   defining Unicode char U+1F85 (decimal 8069)
   defining Unicode char U+1F86 (decimal 8070)
   defining Unicode char U+1F87 (decimal 8071)
   defining Unicode char U+1F88 (decimal 8072)
   defining Unicode char U+1F89 (decimal 8073)
   defining Unicode char U+1F8A (decimal 8074)
   defining Unicode char U+1F8B (decimal 8075)
   defining Unicode char U+1F8C (decimal 8076)
   defining Unicode char U+1F8D (decimal 8077)
   defining Unicode char U+1F8E (decimal 8078)
   defining Unicode char U+1F8F (decimal 8079)
   defining Unicode char U+1F90 (decimal 8080)
   defining Unicode char U+1F91 (decimal 8081)
   defining Unicode char U+1F92 (decimal 8082)
   defining Unicode char U+1F93 (decimal 8083)
   defining Unicode char U+1F94 (decimal 8084)
   defining Unicode char U+1F95 (decimal 8085)
   defining Unicode char U+1F96 (decimal 8086)
   defining Unicode char U+1F97 (decimal 8087)
   defining Unicode char U+1F98 (decimal 8088)
   defining Unicode char U+1F99 (decimal 8089)
   defining Unicode char U+1F9A (decimal 8090)
   defining Unicode char U+1F9B (decimal 8091)
   defining Unicode char U+1F9C (decimal 8092)
   defining Unicode char U+1F9D (decimal 8093)
   defining Unicode char U+1F9E (decimal 8094)
   defining Unicode char U+1F9F (decimal 8095)
   defining Unicode char U+1FA0 (decimal 8096)
   defining Unicode char U+1FA1 (decimal 8097)
   defining Unicode char U+1FA2 (decimal 8098)
   defining Unicode char U+1FA3 (decimal 8099)
   defining Unicode char U+1FA4 (decimal 8100)
   defining Unicode char U+1FA5 (decimal 8101)
   defining Unicode char U+1FA6 (decimal 8102)
   defining Unicode char U+1FA7 (decimal 8103)
   defining Unicode char U+1FA8 (decimal 8104)
   defining Unicode char U+1FA9 (decimal 8105)
   defining Unicode char U+1FAA (decimal 8106)
   defining Unicode char U+1FAB (decimal 8107)
   defining Unicode char U+1FAC (decimal 8108)
   defining Unicode char U+1FAD (decimal 8109)
   defining Unicode char U+1FAE (decimal 8110)
   defining Unicode char U+1FAF (decimal 8111)
   defining Unicode char U+1FB0 (decimal 8112)
   defining Unicode char U+1FB1 (decimal 8113)
   defining Unicode char U+1FB2 (decimal 8114)
   defining Unicode char U+1FB3 (decimal 8115)
   defining Unicode char U+1FB4 (decimal 8116)
   defining Unicode char U+1FB6 (decimal 8118)
   defining Unicode char U+1FB7 (decimal 8119)
   defining Unicode char U+1FB8 (decimal 8120)
   defining Unicode char U+1FB9 (decimal 8121)
   defining Unicode char U+1FBA (decimal 8122)
   defining Unicode char U+1FBB (decimal 8123)
   defining Unicode char U+1FBC (decimal 8124)
   defining Unicode char U+1FBD (decimal 8125)
   defining Unicode char U+1FBE (decimal 8126)
   defining Unicode char U+1FBF (decimal 8127)
   defining Unicode char U+1FC0 (decimal 8128)
   defining Unicode char U+1FC1 (decimal 8129)
   defining Unicode char U+1FC2 (decimal 8130)
   defining Unicode char U+1FC3 (decimal 8131)
   defining Unicode char U+1FC4 (decimal 8132)
   defining Unicode char U+1FC6 (decimal 8134)
   defining Unicode char U+1FC7 (decimal 8135)
   defining Unicode char U+1FC8 (decimal 8136)
   defining Unicode char U+1FC9 (decimal 8137)
   defining Unicode char U+1FCA (decimal 8138)
   defining Unicode char U+1FCB (decimal 8139)
   defining Unicode char U+1FCC (decimal 8140)
   defining Unicode char U+1FCD (decimal 8141)
   defining Unicode char U+1FCE (decimal 8142)
   defining Unicode char U+1FCF (decimal 8143)
   defining Unicode char U+1FD0 (decimal 8144)
   defining Unicode char U+1FD1 (decimal 8145)
   defining Unicode char U+1FD2 (decimal 8146)
   defining Unicode char U+1FD3 (decimal 8147)
   defining Unicode char U+1FD6 (decimal 8150)
   defining Unicode char U+1FD7 (decimal 8151)
   defining Unicode char U+1FD8 (decimal 8152)
   defining Unicode char U+1FD9 (decimal 8153)
   defining Unicode char U+1FDA (decimal 8154)
   defining Unicode char U+1FDB (decimal 8155)
   defining Unicode char U+1FDD (decimal 8157)
   defining Unicode char U+1FDE (decimal 8158)
   defining Unicode char U+1FDF (decimal 8159)
   defining Unicode char U+1FE0 (decimal 8160)
   defining Unicode char U+1FE1 (decimal 8161)
   defining Unicode char U+1FE2 (decimal 8162)
   defining Unicode char U+1FE3 (decimal 8163)
   defining Unicode char U+1FE4 (decimal 8164)
   defining Unicode char U+1FE5 (decimal 8165)
   defining Unicode char U+1FE6 (decimal 8166)
   defining Unicode char U+1FE7 (decimal 8167)
   defining Unicode char U+1FE8 (decimal 8168)
   defining Unicode char U+1FE9 (decimal 8169)
   defining Unicode char U+1FEA (decimal 8170)
   defining Unicode char U+1FEB (decimal 8171)
   defining Unicode char U+1FEC (decimal 8172)
   defining Unicode char U+1FED (decimal 8173)
   defining Unicode char U+1FEE (decimal 8174)
   defining Unicode char U+1FEF (decimal 8175)
   defining Unicode char U+1FF2 (decimal 8178)
   defining Unicode char U+1FF3 (decimal 8179)
   defining Unicode char U+1FF4 (decimal 8180)
   defining Unicode char U+1FF6 (decimal 8182)
   defining Unicode char U+1FF7 (decimal 8183)
   defining Unicode char U+1FF8 (decimal 8184)
   defining Unicode char U+1FF9 (decimal 8185)
   defining Unicode char U+1FFA (decimal 8186)
   defining Unicode char U+1FFB (decimal 8187)
   defining Unicode char U+1FFC (decimal 8188)
   defining Unicode char U+1FFD (decimal 8189)
   defining Unicode char U+1FFE (decimal 8190)
   defining Unicode char U+2013 (decimal 8211)
   defining Unicode char U+2014 (decimal 8212)
   defining Unicode char U+2018 (decimal 8216)
   defining Unicode char U+2019 (decimal 8217)
   defining Unicode char U+201A (decimal 8218)
   defining Unicode char U+2030 (decimal 8240)
   defining Unicode char U+2039 (decimal 8249)
   defining Unicode char U+203A (decimal 8250)
   defining Unicode char U+20AC (decimal 8364)
   defining Unicode char U+2126 (decimal 8486)
   defining Unicode char U+10144 (decimal 65860)
   defining Unicode char U+10145 (decimal 65861)
   defining Unicode char U+10146 (decimal 65862)
   defining Unicode char U+10147 (decimal 65863)
)
\symLGRletters=\mathgroup9

(/usr/share/texlive/texmf-dist/tex/latex/greek-fontenc/greek-fontenc.def
File: greek-fontenc.def 2020/10/30 2.0 Common Greek font encoding definitions
)))
(/usr/share/texlive/texmf-dist/tex/latex/base/textcomp.sty
Package: textcomp 2020/02/02 v2.0n Standard LaTeX package
)
(/usr/share/texlive/texmf-dist/tex/latex/fontaxes/fontaxes.sty
Package: fontaxes 2020/07/21 v1.0e Font selection axes
LaTeX Info: Redefining \upshape on input line 29.
LaTeX Info: Redefining \itshape on input line 31.
LaTeX Info: Redefining \slshape on input line 33.
LaTeX Info: Redefining \swshape on input line 35.
LaTeX Info: Redefining \scshape on input line 37.
LaTeX Info: Redefining \sscshape on input line 39.
LaTeX Info: Redefining \ulcshape on input line 41.
LaTeX Info: Redefining \textsw on input line 47.
LaTeX Info: Redefining \textssc on input line 48.
LaTeX Info: Redefining \textulc on input line 49.
)
(/usr/share/texlive/texmf-dist/tex/latex/xkeyval/xkeyval.sty
Package: xkeyval 2020/11/20 v2.8 package option processing (HA)

(/usr/share/texlive/texmf-dist/tex/generic/xkeyval/xkeyval.tex
(/usr/share/texlive/texmf-dist/tex/generic/xkeyval/xkvutils.tex
\XKV@toks=\toks46
\XKV@tempa@toks=\toks47
)
\XKV@depth=\count320
File: xkeyval.tex 2014/12/03 v2.7a key=value parser (HA)
)))
(/usr/share/texlive/texmf-dist/tex/latex/titlesec/titlesec.sty
Package: titlesec 2021/07/05 v2.14 Sectioning titles
\ttl@box=\box73
\beforetitleunit=\skip90
\aftertitleunit=\skip91
\ttl@plus=\dimen284
\ttl@minus=\dimen285
\ttl@toksa=\toks48
\titlewidth=\dimen286
\titlewidthlast=\dimen287
\titlewidthfirst=\dimen288
)
(/usr/share/texlive/texmf-dist/tex/latex/setspace/setspace.sty
Package: setspace 2011/12/19 v6.7a set line spacing
)
(/usr/share/texlive/texmf-dist/tex/latex/geometry/geometry.sty
Package: geometry 2020/01/02 v5.9 Page Geometry

(/usr/share/texlive/texmf-dist/tex/generic/iftex/ifvtex.sty
Package: ifvtex 2019/10/25 v1.7 ifvtex legacy package. Use iftex instead.

(/usr/share/texlive/texmf-dist/tex/generic/iftex/iftex.sty
Package: iftex 2020/03/06 v1.0d TeX engine tests
))
\Gm@cnth=\count321
\Gm@cntv=\count322
\c@Gm@tempcnt=\count323
\Gm@bindingoffset=\dimen289
\Gm@wd@mp=\dimen290
\Gm@odd@mp=\dimen291
\Gm@even@mp=\dimen292
\Gm@layoutwidth=\dimen293
\Gm@layoutheight=\dimen294
\Gm@layouthoffset=\dimen295
\Gm@layoutvoffset=\dimen296
\Gm@dimlist=\toks49
)
(/usr/share/texlive/texmf-dist/tex/latex/tools/indentfirst.sty
Package: indentfirst 1995/11/23 v1.03 Indent first paragraph (DPC)
)
(/usr/share/texlive/texmf-dist/tex/latex/pdfpages/pdfpages.sty
Package: pdfpages 2022/01/29 v0.5u Insert pages of external PDF documents (AM)

(/usr/share/texlive/texmf-dist/tex/latex/base/ifthen.sty
Package: ifthen 2020/11/24 v1.1c Standard LaTeX ifthen package (DPC)
)
(/usr/share/texlive/texmf-dist/tex/latex/tools/calc.sty
Package: calc 2017/05/25 v4.3 Infix arithmetic (KKT,FJ)
\calc@Acount=\count324
\calc@Bcount=\count325
\calc@Adimen=\dimen297
\calc@Bdimen=\dimen298
\calc@Askip=\skip92
\calc@Bskip=\skip93
LaTeX Info: Redefining \setlength on input line 80.
LaTeX Info: Redefining \addtolength on input line 81.
\calc@Ccount=\count326
\calc@Cskip=\skip94
)
(/usr/share/texlive/texmf-dist/tex/latex/eso-pic/eso-pic.sty
Package: eso-pic 2020/10/14 v3.0a eso-pic (RN)
\ESO@tempdima=\dimen299
\ESO@tempdimb=\dimen300
)
\AM@pagewidth=\dimen301
\AM@pageheight=\dimen302
\AM@fboxrule=\dimen303

(/usr/share/texlive/texmf-dist/tex/latex/pdfpages/pppdftex.def
File: pppdftex.def 2022/01/29 v0.5u Pdfpages driver for pdfTeX (AM)
)
\pdfpages@includegraphics@status=\count327
\AM@pagebox=\box74
\AM@global@opts=\toks50
\AM@pagecnt=\count328
\AM@toc@title=\toks51
\c@AM@survey=\count329
\AM@templatesizebox=\box75
)
(/usr/share/texlive/texmf-dist/tex/latex/letltxmacro/letltxmacro.sty
Package: letltxmacro 2019/12/03 v1.6 Let assignment for LaTeX macros (HO)
)
(/usr/share/texlive/texmf-dist/tex/latex/threeparttable/threeparttable.sty
Package: threeparttable 2003/06/13  v 3.0
\@tempboxb=\box76
)
(/usr/share/texlive/texmf-dist/tex/latex/hyperref/hyperref.sty
Package: hyperref 2021-06-07 v7.00m Hypertext links for LaTeX

(/usr/share/texlive/texmf-dist/tex/generic/ltxcmds/ltxcmds.sty
Package: ltxcmds 2020-05-10 v1.25 LaTeX kernel commands for general use (HO)
)
(/usr/share/texlive/texmf-dist/tex/generic/pdftexcmds/pdftexcmds.sty
Package: pdftexcmds 2020-06-27 v0.33 Utility functions of pdfTeX for LuaTeX (HO
)

(/usr/share/texlive/texmf-dist/tex/generic/infwarerr/infwarerr.sty
Package: infwarerr 2019/12/03 v1.5 Providing info/warning/error messages (HO)
)
Package pdftexcmds Info: \pdf@primitive is available.
Package pdftexcmds Info: \pdf@ifprimitive is available.
Package pdftexcmds Info: \pdfdraftmode found.
)
(/usr/share/texlive/texmf-dist/tex/generic/kvsetkeys/kvsetkeys.sty
Package: kvsetkeys 2019/12/15 v1.18 Key value parser (HO)
)
(/usr/share/texlive/texmf-dist/tex/generic/kvdefinekeys/kvdefinekeys.sty
Package: kvdefinekeys 2019-12-19 v1.6 Define keys (HO)
)
(/usr/share/texlive/texmf-dist/tex/generic/pdfescape/pdfescape.sty
Package: pdfescape 2019/12/09 v1.15 Implements pdfTeX's escape features (HO)
)
(/usr/share/texlive/texmf-dist/tex/latex/hycolor/hycolor.sty
Package: hycolor 2020-01-27 v1.10 Color options for hyperref/bookmark (HO)
)
(/usr/share/texlive/texmf-dist/tex/latex/auxhook/auxhook.sty
Package: auxhook 2019-12-17 v1.6 Hooks for auxiliary files (HO)
)
(/usr/share/texlive/texmf-dist/tex/latex/kvoptions/kvoptions.sty
Package: kvoptions 2020-10-07 v3.14 Key value format for package options (HO)
)
\@linkdim=\dimen304
\Hy@linkcounter=\count330
\Hy@pagecounter=\count331

(/usr/share/texlive/texmf-dist/tex/latex/hyperref/pd1enc.def
File: pd1enc.def 2021-06-07 v7.00m Hyperref: PDFDocEncoding definition (HO)
Now handling font encoding PD1 ...
... no UTF-8 mapping file for font encoding PD1
\symPD1letters=\mathgroup10
)
(/usr/share/texlive/texmf-dist/tex/latex/hyperref/hyperref-langpatches.def
File: hyperref-langpatches.def 2021-06-07 v7.00m Hyperref: patches for babel la
nguages
)
(/usr/share/texlive/texmf-dist/tex/generic/intcalc/intcalc.sty
Package: intcalc 2019/12/15 v1.3 Expandable calculations with integers (HO)
)
(/usr/share/texlive/texmf-dist/tex/generic/etexcmds/etexcmds.sty
Package: etexcmds 2019/12/15 v1.7 Avoid name clashes with e-TeX commands (HO)
)
\Hy@SavedSpaceFactor=\count332

(/usr/share/texlive/texmf-dist/tex/latex/hyperref/puenc.def
File: puenc.def 2021-06-07 v7.00m Hyperref: PDF Unicode definition (HO)
Now handling font encoding PU ...
... no UTF-8 mapping file for font encoding PU
\symPUletters=\mathgroup11

(/usr/share/texlive/texmf-dist/tex/latex/hyperref/puenc-greekbasic.def
File: puenc-greekbasic.def 2021-06-07 v7.00m Hyperref: PDF Unicode definition (
greek block) (HO)
))
Package hyperref Info: Option `unicode' set `true' on input line 3167.
Package hyperref Info: Hyper figures OFF on input line 4192.
Package hyperref Info: Link nesting OFF on input line 4197.
Package hyperref Info: Hyper index ON on input line 4200.
Package hyperref Info: Plain pages OFF on input line 4207.
Package hyperref Info: Backreferencing OFF on input line 4212.
Package hyperref Info: Implicit mode ON; LaTeX internals redefined.
Package hyperref Info: Bookmarks ON on input line 4445.
\c@Hy@tempcnt=\count333

(/usr/share/texlive/texmf-dist/tex/latex/url/url.sty
\Urlmuskip=\muskip17
Package: url 2013/09/16  ver 3.4  Verb mode for urls, etc.
)
LaTeX Info: Redefining \url on input line 4804.
\XeTeXLinkMargin=\dimen305

(/usr/share/texlive/texmf-dist/tex/generic/bitset/bitset.sty
Package: bitset 2019/12/09 v1.3 Handle bit-vector datatype (HO)

(/usr/share/texlive/texmf-dist/tex/generic/bigintcalc/bigintcalc.sty
Package: bigintcalc 2019/12/15 v1.5 Expandable calculations on big integers (HO
)
))
\Fld@menulength=\count334
\Field@Width=\dimen306
\Fld@charsize=\dimen307
Package hyperref Info: Hyper figures OFF on input line 6076.
Package hyperref Info: Link nesting OFF on input line 6081.
Package hyperref Info: Hyper index ON on input line 6084.
Package hyperref Info: backreferencing OFF on input line 6091.
Package hyperref Info: Link coloring OFF on input line 6096.
Package hyperref Info: Link coloring with OCG OFF on input line 6101.
Package hyperref Info: PDF/A mode OFF on input line 6106.
LaTeX Info: Redefining \ref on input line 6146.
LaTeX Info: Redefining \pageref on input line 6150.

(/usr/share/texlive/texmf-dist/tex/latex/base/atbegshi-ltx.sty
Package: atbegshi-ltx 2021/01/10 v1.0c Emulation of the original atbegshi
package with kernel methods
)
\Hy@abspage=\count335
\c@Item=\count336
\c@Hfootnote=\count337
)
Package hyperref Info: Driver (autodetected): hpdftex.

(/usr/share/texlive/texmf-dist/tex/latex/hyperref/hpdftex.def
File: hpdftex.def 2021-06-07 v7.00m Hyperref driver for pdfTeX

(/usr/share/texlive/texmf-dist/tex/latex/base/atveryend-ltx.sty
Package: atveryend-ltx 2020/08/19 v1.0a Emulation of the original atveryend pac
kage
with kernel methods
)
\Fld@listcount=\count338
\c@bookmark@seq@number=\count339

(/usr/share/texlive/texmf-dist/tex/latex/rerunfilecheck/rerunfilecheck.sty
Package: rerunfilecheck 2019/12/05 v1.9 Rerun checks for auxiliary files (HO)

(/usr/share/texlive/texmf-dist/tex/generic/uniquecounter/uniquecounter.sty
Package: uniquecounter 2019/12/15 v1.4 Provide unlimited unique counter (HO)
)
Package uniquecounter Info: New unique counter `rerunfilecheck' on input line 2
86.
)
\Hy@SectionHShift=\skip95
)
(/usr/share/texlive/texmf-dist/tex/latex/base/flafter.sty
Package: flafter 2021/07/31 v1.4e Standard LaTeX floats after reference (FMi)
Applying: [2015/01/01] float order in 2-column on input line 49.
Already applied: [0000/00/00] float order in 2-column on input line 151.
)
(/usr/share/texlive/texmf-dist/tex/latex/enumitem/enumitem.sty
Package: enumitem 2019/06/20 v3.9 Customized lists
\labelindent=\skip96
\enit@outerparindent=\dimen308
\enit@toks=\toks52
\enit@inbox=\box77
\enit@count@id=\count340
\enitdp@description=\count341
)
(/usr/share/texlive/texmf-dist/tex/latex/multirow/multirow.sty
Package: multirow 2021/03/15 v2.8 Span multiple rows of a table
\multirow@colwidth=\skip97
\multirow@cntb=\count342
\multirow@dima=\skip98
\bigstrutjot=\dimen309
)
(/usr/share/texlive/texmf-dist/tex/latex/svg/svg.sty
Package: svg 2020/11/26 v2.02k (include SVG pictures)

(/usr/share/texlive/texmf-dist/tex/latex/koma-script/scrbase.sty
Package: scrbase 2021/11/13 v3.35 KOMA-Script package (KOMA-Script-independent 
basics and keyval usage)

(/usr/share/texlive/texmf-dist/tex/latex/koma-script/scrlfile.sty
Package: scrlfile 2021/11/13 v3.35 KOMA-Script package (file load hooks)

(/usr/share/texlive/texmf-dist/tex/latex/koma-script/scrlfile-hook.sty
Package: scrlfile-hook 2021/11/13 v3.35 KOMA-Script package (using LaTeX hooks)


(/usr/share/texlive/texmf-dist/tex/latex/koma-script/scrlogo.sty
Package: scrlogo 2021/11/13 v3.35 KOMA-Script package (logo)
)))
Applying: [2021/05/01] Usage of raw or classic option list on input line 252.
Already applied: [0000/00/00] Usage of raw or classic option list on input line
 368.
)
(/usr/share/texlive/texmf-dist/tex/latex/trimspaces/trimspaces.sty
Package: trimspaces 2009/09/17 v1.1 Trim spaces around a token list
)
(/usr/share/texlive/texmf-dist/tex/latex/tools/shellesc.sty
Package: shellesc 2019/11/08 v1.0c unified shell escape interface for LaTeX
Package shellesc Info: Restricted shell escape enabled on input line 77.
)
\c@svg@param@lastpage=\count343
\svg@box=\box78
\c@svg@param@currpage=\count344
)
(/usr/share/texlive/texmf-dist/tex/latex/transparent/transparent.sty
Package: transparent 2019/11/29 v1.4 Transparency via pdfTeX's color stack (HO)

)
(/usr/share/texlive/texmf-dist/tex/latex/tools/hhline.sty
Package: hhline 2020/01/04 v2.04 Table rule package (DPC)
)
(/usr/share/texlive/texmf-dist/tex/latex/breqn/breqn.sty
(/usr/share/texlive/texmf-dist/tex/latex/l3kernel/expl3.sty
Package: expl3 2022-01-21 L3 programming layer (loader) 

(/usr/share/texlive/texmf-dist/tex/latex/l3backend/l3backend-pdftex.def
File: l3backend-pdftex.def 2022-01-12 L3 backend support: PDF output (pdfTeX)
\l__color_backend_stack_int=\count345
\l__pdf_internal_box=\box79
))
Package: breqn 2021/10/28 v0.98l Breaking equations

(/usr/share/texlive/texmf-dist/tex/latex/breqn/flexisym.sty
Package: flexisym 2021/10/28 v0.98l Make math characters macros
LaTeX Info: Redefining \textprime on input line 299.
LaTeX Info: Redefining \not on input line 357.

(/usr/share/texlive/texmf-dist/tex/latex/breqn/cmbase.sym
File: cmbase.sym 2007/12/19 v0.92
LaTeX Info: Redefining \hbar on input line 324.
LaTeX Info: Redefining \surd on input line 326.
LaTeX Info: Redefining \angle on input line 334.
LaTeX Info: Redefining \neq on input line 335.
LaTeX Info: Redefining \mapsto on input line 336.
LaTeX Info: Redefining \cong on input line 337.
LaTeX Info: Redefining \notin on input line 340.
LaTeX Info: Redefining \rightleftharpoons on input line 341.
LaTeX Info: Redefining \doteq on input line 342.
LaTeX Info: Redefining \hookrightarrow on input line 343.
LaTeX Info: Redefining \hookleftarrow on input line 344.
LaTeX Info: Redefining \bowtie on input line 345.
LaTeX Info: Redefining \models on input line 346.
LaTeX Info: Redefining \Longrightarrow on input line 347.
LaTeX Info: Redefining \longrightarrow on input line 348.
LaTeX Info: Redefining \Longleftarrow on input line 349.
LaTeX Info: Redefining \longleftarrow on input line 350.
LaTeX Info: Redefining \longmapsto on input line 351.
LaTeX Info: Redefining \longleftrightarrow on input line 352.
LaTeX Info: Redefining \Longleftrightarrow on input line 353.
LaTeX Info: Redefining \cdots on input line 357.
LaTeX Info: Redefining \vdots on input line 360.
LaTeX Info: Redefining \ddots on input line 365.
)
(/usr/share/texlive/texmf-dist/tex/latex/breqn/mathstyle.sty
Package: mathstyle 2021/10/28 v0.98l Tracking mathstyle implicitly
LaTeX Info: Redefining \displaystyle on input line 95.
LaTeX Info: Redefining \textstyle on input line 97.
LaTeX Info: Redefining \scriptstyle on input line 99.
LaTeX Info: Redefining \scriptscriptstyle on input line 101.
LaTeX Info: Redefining \genfrac on input line 149.
))
\inf@bad=\count346
\maxint=\count347
\listwidth=\dimen310
\eqnumsep=\dimen311
\eqmargin=\dimen312
\eqlinespacing=\skip99
\eqlineskip=\skip100
\eqlineskiplimit=\dimen313
\eqbinoffset=\muskip18
\eqdelimoffset=\muskip19
\eqindentstep=\dimen314
\eqstyle=\toks53
\eqbreakdepth=\count348
\eqinterlinepenalty=\count349
\intereqpenalty=\count350
\intereqskip=\skip101
\prerelpenalty=\count351
\prebinoppenalty=\count352
\Dmedmuskip=\muskip20
\Dthickmuskip=\muskip21
\eqleftskip=\skip102
\eqrightskip=\skip103
\eq@vspan=\skip104
\eq@binoffset=\muskip22
\EQ@box=\box80
\EQ@copy=\box81
\EQ@numbox=\box82
\eq@wdNum=\dimen315
\GRP@numbox=\box83
\grp@wdNum=\dimen316
\eq@lines=\count353
\eq@curline=\count354
\eq@badness=\count355
\EQ@vims=\count356
\eq@dp=\dimen317
\eq@wdL=\dimen318
\eq@wdT=\dimen319
\eq@wdMin=\dimen320
\grp@wdL=\dimen321
\grp@wdR=\dimen322
\grp@wdT=\dimen323
\eq@wdRmax=\dimen324
\eq@firstht=\dimen325
\eq@wdCond=\dimen326
\eq@indentstep=\dimen327
\eq@linewidth=\dimen328
\grp@linewidth=\dimen329
\eq@hshift=\dimen330
\eq@given@sidespace=\dimen331
\mathindent=\dimen332
\eq@final@linecount=\count357
\eq@wdR=\dimen333
\EQ@continue=\toks54
\lr@level=\count358
\GRP@queue=\toks55
\GRP@box=\box84
\GRP@wholebox=\box85
\darraycolsep=\skip105
\cur@row=\count359
\cur@col=\count360
\conditionsep=\skip106
)
(/usr/share/texlive/texmf-dist/tex/latex/tools/array.sty
Package: array 2021/10/04 v2.5f Tabular extension package (FMi)
\col@sep=\dimen334
\ar@mcellbox=\box86
\extrarowheight=\dimen335
\NC@list=\toks56
\extratabsurround=\skip107
\backup@length=\skip108
\ar@cellbox=\box87
)
(/usr/share/texlive/texmf-dist/tex/latex/arydshln/arydshln.sty
Package: arydshln 2019/02/21 v1.76 
\dashlinedash=\dimen336
\dashlinegap=\dimen337
\adl@box=\box88
\adl@height=\dimen338
\adl@heightsave=\dimen339
\adl@depth=\dimen340
\adl@depthsave=\dimen341
\adl@finaldepth=\dimen342
\adl@columns=\count361
\adl@ncol=\count362
\adl@currentcolumn=\count363
\adl@currentcolumnsave=\count364
\adl@totalheight=\count365
\adl@totalheightsave=\count366
\adl@dash=\count367
\adl@gap=\count368
\adl@cla=\count369
\adl@clb=\count370
\adl@everyvbox=\toks57
\adl@LTpagetotal=\dimen343
)
(/usr/share/texlive/texmf-dist/tex/latex/mathtools/mathtools.sty
Package: mathtools 2021/02/02 v1.28 mathematical typesetting tools

(/usr/share/texlive/texmf-dist/tex/latex/mathtools/mhsetup.sty
Package: mhsetup 2021/03/18 v1.4 programming setup (MH)
)
\g_MT_multlinerow_int=\count371
\l_MT_multwidth_dim=\dimen344
\origjot=\skip109
\l_MT_shortvdotswithinadjustabove_dim=\dimen345
\l_MT_shortvdotswithinadjustbelow_dim=\dimen346
\l_MT_above_intertext_sep=\dimen347
\l_MT_below_intertext_sep=\dimen348
\l_MT_above_shortintertext_sep=\dimen349
\l_MT_below_shortintertext_sep=\dimen350
\xmathstrut@box=\box89
\xmathstrut@dim=\dimen351
)
(/usr/share/texlive/texmf-dist/tex/latex/totalcount/totalcount.sty
Package: totalcount 2018/01/21 v1.0a Total values of counters (AR)
\c@totalcount@figure=\count372
\c@totalcount@table=\count373
)
(/usr/share/texlive/texmf-dist/tex/latex/lastpage/lastpage.sty
Package: lastpage 2021/09/03 v1.2n Refers to last page's name (HMM; JPG)
)
(/usr/share/texlive/texmf-dist/tex/latex/cleveref/cleveref.sty
Package: cleveref 2018/03/27 v0.21.4 Intelligent cross-referencing
Package cleveref Info: `hyperref' support loaded on input line 2370.
LaTeX Info: Redefining \cref on input line 2370.
LaTeX Info: Redefining \Cref on input line 2370.
LaTeX Info: Redefining \crefrange on input line 2370.
LaTeX Info: Redefining \Crefrange on input line 2370.
LaTeX Info: Redefining \cpageref on input line 2370.
LaTeX Info: Redefining \Cpageref on input line 2370.
LaTeX Info: Redefining \cpagerefrange on input line 2370.
LaTeX Info: Redefining \Cpagerefrange on input line 2370.
LaTeX Info: Redefining \labelcref on input line 2370.
LaTeX Info: Redefining \labelcpageref on input line 2370.
Package cleveref Info: `breqn' support loaded on input line 3109.
Package cleveref Info: `listings' support loaded on input line 3131.
)
(/usr/share/texlive/texmf-dist/tex/latex/hyphenat/hyphenat.sty
Package: hyphenat 2009/09/02 v2.3c hyphenation utilities
\langwohyphens=\language88
LaTeX Info: Redefining \_ on input line 43.
)
(/usr/share/texlive/texmf-dist/tex/latex/titling/titling.sty
Package: titling 2009/09/04 v2.1d maketitle typesetting
\thanksmarkwidth=\skip110
\thanksmargin=\skip111
\droptitle=\skip112
)
(/usr/share/texlive/texmf-dist/tex/latex/newfloat/newfloat.sty
Package: newfloat 2019/09/02 v1.1l Defining new floating environments (AR)
Package newfloat Info: Document class `report' detected (Hy).
)
(/usr/share/texlive/texmf-dist/tex/latex/chngcntr/chngcntr.sty
Package: chngcntr 2018/04/09 v1.1a change counter resetting
Package chngcntr Info: \counterwithout already defined.
(chngcntr)             Quitting chngcntr on input line 21.
)
(/usr/share/texlive/texmf-dist/tex/latex/listing/listing.sty
Package: listing 1999/05/25

Package `listing', V1.2, <1999/05/25>
\c@listing=\count374
) (/usr/share/texlive/texmf-dist/tex/latex/cite/cite.sty
LaTeX Info: Redefining \cite on input line 302.
LaTeX Info: Redefining \nocite on input line 332.
Package: cite 2015/02/27  v 5.5
)
(/usr/share/texlive/texmf-dist/tex/latex/graphics/rotating.sty
Package: rotating 2016/08/11 v2.16d rotated objects in LaTeX
\c@r@tfl@t=\count375
\rotFPtop=\skip113
\rotFPbot=\skip114
\rot@float@box=\box90
\rot@mess@toks=\toks58
)
(/usr/share/texlive/texmf-dist/tex/latex/rotfloat/rotfloat.sty
Package: rotfloat 2004/01/04 v1.2 Combining float+rotating package (AS)
Package rotfloat Info: float package v1.3 detected on input line 74.
)
(/usr/share/texlive/texmf-dist/tex/latex/listings/lstlang1.sty
File: lstlang1.sty 2020/03/24 1.8d listings language file
))
LaTeX Font Info:    Trying to load font information for T1+Tempora-TLF on input
 line 5.

(/usr/share/texlive/texmf-dist/tex/latex/tempora/T1Tempora-TLF.fd
File: T1Tempora-TLF.fd 2016/02/02 (autoinst) Font definitions for T1/Tempora-TL
F.
)
LaTeX Font Info:    Font shape `T1/Tempora-TLF/m/n' will be
(Font)              scaled to size 12.0pt on input line 5.

(./report.aux
LaTeX Font Info:    Trying to load font information for T2A+Tempora-TLF on inpu
t line 23.

(/usr/share/texlive/texmf-dist/tex/latex/tempora/t2atempora-tlf.fd
File: t2atempora-tlf.fd 2015/09/13 Font definitions for T2A/Tempora-TLF.
)
LaTeX Font Info:    Font shape `T2A/Tempora-TLF/m/n' will be
(Font)              scaled to size 12.0pt on input line 23.

(./chapters/abstract.aux) (./chapters/analytic.aux)
(./chapters/bibliography.aux) (./chapters/addition.aux))
\openout1 = `report.aux'.

LaTeX Font Info:    Checking defaults for OML/cmm/m/it on input line 5.
LaTeX Font Info:    ... okay on input line 5.
LaTeX Font Info:    Checking defaults for OMS/cmsy/m/n on input line 5.
LaTeX Font Info:    ... okay on input line 5.
LaTeX Font Info:    Checking defaults for OT1/cmr/m/n on input line 5.
LaTeX Font Info:    ... okay on input line 5.
LaTeX Font Info:    Checking defaults for T1/cmr/m/n on input line 5.
LaTeX Font Info:    ... okay on input line 5.
LaTeX Font Info:    Checking defaults for TS1/cmr/m/n on input line 5.
LaTeX Font Info:    ... okay on input line 5.
LaTeX Font Info:    Checking defaults for OMX/cmex/m/n on input line 5.
LaTeX Font Info:    ... okay on input line 5.
LaTeX Font Info:    Checking defaults for U/cmr/m/n on input line 5.
LaTeX Font Info:    ... okay on input line 5.
LaTeX Font Info:    Checking defaults for T2A/cmr/m/n on input line 5.
LaTeX Font Info:    ... okay on input line 5.
LaTeX Font Info:    Checking defaults for OT2/cmr/m/n on input line 5.
LaTeX Font Info:    Trying to load font information for OT2+cmr on input line 5
.

(/usr/share/texlive/texmf-dist/tex/latex/cyrillic/ot2cmr.fd
File: ot2cmr.fd 2001/08/11 v3.2c Computer Modern Cyrillic font definitions
)
LaTeX Font Info:    ... okay on input line 5.
LaTeX Font Info:    Checking defaults for T2C/cmr/m/n on input line 5.
LaTeX Font Info:    Trying to load font information for T2C+cmr on input line 5
.

(/usr/share/texlive/texmf-dist/tex/latex/cyrillic/t2ccmr.fd
File: t2ccmr.fd 2001/08/11 v1.0a Computer Modern Cyrillic font definitions
)
LaTeX Font Info:    ... okay on input line 5.
LaTeX Font Info:    Checking defaults for T2B/cmr/m/n on input line 5.
LaTeX Font Info:    Trying to load font information for T2B+cmr on input line 5
.

(/usr/share/texlive/texmf-dist/tex/latex/cyrillic/t2bcmr.fd
File: t2bcmr.fd 2001/08/11 v1.0a Computer Modern Cyrillic font definitions
)
LaTeX Font Info:    ... okay on input line 5.
LaTeX Font Info:    Checking defaults for LGR/cmr/m/n on input line 5.
LaTeX Font Info:    Trying to load font information for LGR+cmr on input line 5
.

(/usr/share/texlive/texmf-dist/tex/latex/cbfonts-fd/lgrcmr.fd
File: lgrcmr.fd 2017/07/29 v1.2 Greek European Computer Regular
)
LaTeX Font Info:    ... okay on input line 5.
LaTeX Font Info:    Checking defaults for PD1/pdf/m/n on input line 5.
LaTeX Font Info:    ... okay on input line 5.
LaTeX Font Info:    Checking defaults for PU/pdf/m/n on input line 5.
LaTeX Font Info:    ... okay on input line 5.
LaTeX Info: Redefining \th on input line 5.

(/usr/share/texlive/texmf-dist/tex/context/base/mkii/supp-pdf.mkii
[Loading MPS to PDF converter (version 2006.09.02).]
\scratchcounter=\count376
\scratchdimen=\dimen352
\scratchbox=\box91
\nofMPsegments=\count377
\nofMParguments=\count378
\everyMPshowfont=\toks59
\MPscratchCnt=\count379
\MPscratchDim=\dimen353
\MPnumerator=\count380
\makeMPintoPDFobject=\count381
\everyMPtoPDFconversion=\toks60
) (/usr/share/texlive/texmf-dist/tex/latex/epstopdf-pkg/epstopdf-base.sty
Package: epstopdf-base 2020-01-24 v2.11 Base part for package epstopdf
Package epstopdf-base Info: Redefining graphics rule for `.eps' on input line 4
85.

(/usr/share/texlive/texmf-dist/tex/latex/latexconfig/epstopdf-sys.cfg
File: epstopdf-sys.cfg 2010/07/13 v1.3 Configuration of (r)epstopdf for TeX Liv
e
))

Package pgfplots Warning: running in backwards compatibility mode (unsuitable t
ick labels; missing features). Consider writing \pgfplotsset{compat=1.18} into 
your preamble.
 on input line 5.

\c@lstlisting=\count382
Package caption Info: Begin \AtBeginDocument code.
Package caption Info: hyperref package is loaded.
Package caption Info: longtable package is loaded.
(/usr/share/texlive/texmf-dist/tex/latex/caption/ltcaption.sty
Package: ltcaption 2020/05/30 v1.4b longtable captions (AR)
)
Package caption Info: rotating package is loaded.
Package caption Info: threeparttable package is loaded.
Package caption Info: End \AtBeginDocument code.
\c@mv@tabular=\count383
\c@mv@boldtabular=\count384

*geometry* driver: auto-detecting
*geometry* detected driver: pdftex
*geometry* verbose mode - [ preamble ] result:
* driver: pdftex
* paper: a4paper
* layout: <same size as paper>
* layoutoffset:(h,v)=(0.0pt,0.0pt)
* modes: 
* h-part:(L,W,R)=(85.35826pt, 483.69687pt, 28.45274pt)
* v-part:(T,H,B)=(56.9055pt, 731.23584pt, 56.9055pt)
* \paperwidth=597.50787pt
* \paperheight=845.04684pt
* \textwidth=483.69687pt
* \textheight=731.23584pt
* \oddsidemargin=13.08827pt
* \evensidemargin=13.08827pt
* \topmargin=-52.36449pt
* \headheight=12.0pt
* \headsep=25.0pt
* \topskip=12.0pt
* \footskip=30.0pt
* \marginparwidth=35.0pt
* \marginparsep=10.0pt
* \columnsep=10.0pt
* \skip\footins=10.8pt plus 4.0pt minus 2.0pt
* \hoffset=0.0pt
* \voffset=0.0pt
* \mag=1000
* \@twocolumnfalse
* \@twosidefalse
* \@mparswitchfalse
* \@reversemarginfalse
* (1in=72.27pt=25.4mm, 1cm=28.453pt)

(/usr/share/texlive/texmf-dist/tex/latex/pdflscape/pdflscape.sty
Package: pdflscape 2019/12/05 v0.12 Display of landscape pages in PDF (HO)

(/usr/share/texlive/texmf-dist/tex/latex/graphics/lscape.sty
Package: lscape 2020/05/28 v3.02 Landscape Pages (DPC)
)
Package pdflscape Info: Auto-detected driver: pdftex on input line 81.
)
Package hyperref Info: Link coloring OFF on input line 5.

(/usr/share/texlive/texmf-dist/tex/latex/hyperref/nameref.sty
Package: nameref 2021-04-02 v2.47 Cross-referencing by name of section

(/usr/share/texlive/texmf-dist/tex/latex/refcount/refcount.sty
Package: refcount 2019/12/15 v3.6 Data extraction from label references (HO)
)
(/usr/share/texlive/texmf-dist/tex/generic/gettitlestring/gettitlestring.sty
Package: gettitlestring 2019/12/15 v1.6 Cleanup title references (HO)
)
\c@section@level=\count385
)
LaTeX Info: Redefining \ref on input line 5.
LaTeX Info: Redefining \pageref on input line 5.
LaTeX Info: Redefining \nameref on input line 5.

(./report.out) (./report.out)
\@outlinefile=\write4
\openout4 = `report.out'.

Package lastpage Info: Please have a look at the pageslts package at
(lastpage)             https://www.ctan.org/pkg/pageslts
(lastpage)             ! on input line 5.
Package newfloat Info: `float' package detected.
Package newfloat Info: `rotating' package detected.
<./chapters/title.pdf, id=160, 598.235pt x 845.1575pt>
File: ./chapters/title.pdf Graphic file (type pdf)
<use ./chapters/title.pdf>
Package pdftex.def Info: ./chapters/title.pdf  used on input line 6.
(pdftex.def)             Requested size: 598.23354pt x 845.15544pt.
File: ./chapters/title.pdf Graphic file (type pdf)
<use ./chapters/title.pdf>
Package pdftex.def Info: ./chapters/title.pdf  used on input line 6.
(pdftex.def)             Requested size: 598.23354pt x 845.15544pt.
<./chapters/title.pdf, id=163, page=1, 598.235pt x 845.1575pt>
File: ./chapters/title.pdf Graphic file (type pdf)
<use ./chapters/title.pdf, page 1>
Package pdftex.def Info: ./chapters/title.pdf , page1 used on input line 6.
(pdftex.def)             Requested size: 598.23354pt x 845.15544pt.
File: ./chapters/title.pdf Graphic file (type pdf)
<use ./chapters/title.pdf, page 1>
Package pdftex.def Info: ./chapters/title.pdf , page1 used on input line 6.
(pdftex.def)             Requested size: 597.7406pt x 844.45905pt.
File: ./chapters/title.pdf Graphic file (type pdf)
<use ./chapters/title.pdf, page 1>
Package pdftex.def Info: ./chapters/title.pdf , page1 used on input line 6.
(pdftex.def)             Requested size: 597.7406pt x 844.45905pt.
File: ./chapters/title.pdf Graphic file (type pdf)
<use ./chapters/title.pdf, page 1>
Package pdftex.def Info: ./chapters/title.pdf , page1 used on input line 6.
(pdftex.def)             Requested size: 597.7406pt x 844.45905pt.
File: ./chapters/title.pdf Graphic file (type pdf)
<use ./chapters/title.pdf, page 1>
Package pdftex.def Info: ./chapters/title.pdf , page1 used on input line 6.
(pdftex.def)             Requested size: 597.7406pt x 844.45905pt.
 [1

 <./chapters/title.pdf>]
\openout2 = `chapters/abstract.aux'.


(./chapters/abstract.tex
LaTeX Font Info:    Font shape `T2A/Tempora-TLF/m/n' will be
(Font)              scaled to size 20.0pt on input line 1.
LaTeX Font Info:    Font shape `T2A/Tempora-TLF/b/n' will be
(Font)              scaled to size 20.0pt on input line 1.
) [3

{/var/lib/texmf/fonts/map/pdftex/updmap/pdftex.map}]
LaTeX Font Info:    Font shape `T2A/Tempora-TLF/m/n' will be
(Font)              scaled to size 24.88pt on input line 11.
LaTeX Font Info:    Font shape `T2A/Tempora-TLF/b/n' will be
(Font)              scaled to size 24.88pt on input line 11.
 (./report.toc
LaTeX Font Info:    Font shape `T2A/Tempora-TLF/b/n' will be
(Font)              scaled to size 12.0pt on input line 2.
LaTeX Font Info:    Trying to load font information for U+msa on input line 2.
 (/usr/share/texlive/texmf-dist/tex/latex/amsfonts/umsa.fd
File: umsa.fd 2013/01/14 v3.01 AMS symbols A
)
LaTeX Font Info:    Trying to load font information for U+msb on input line 2.

(/usr/share/texlive/texmf-dist/tex/latex/amsfonts/umsb.fd
File: umsb.fd 2013/01/14 v3.01 AMS symbols B
)

LaTeX Font Warning: Font shape `OT2/cmr/m/up' undefined
(Font)              using `OT2/cmr/m/n' instead on input line 2.


LaTeX Font Warning: Font shape `T2C/cmr/m/up' undefined
(Font)              using `T2C/cmr/m/n' instead on input line 2.


LaTeX Font Warning: Font shape `T2B/cmr/m/up' undefined
(Font)              using `T2B/cmr/m/n' instead on input line 2.


LaTeX Font Warning: Font shape `LGR/cmr/m/up' undefined
(Font)              using `LGR/cmr/m/n' instead on input line 2.

LaTeX Font Info:    Trying to load font information for PD1+Tempora-TLF on inpu
t line 2.
LaTeX Font Info:    No file PD1Tempora-TLF.fd. on input line 2.

LaTeX Font Warning: Font shape `PD1/Tempora-TLF/m/up' undefined
(Font)              using `PD1/pdf/m/n' instead on input line 2.

LaTeX Font Info:    Trying to load font information for PU+Tempora-TLF on input
 line 2.
LaTeX Font Info:    No file PUTempora-TLF.fd. on input line 2.

LaTeX Font Warning: Font shape `PU/Tempora-TLF/m/up' undefined
(Font)              using `PU/pdf/m/n' instead on input line 2.

[4


])
\tf@toc=\write5
\openout5 = `report.toc'.

 [5]
\openout2 = `./chapters/analytic.aux'.

 (./chapters/analytic.tex [6

] [7]
{\cyrillictext \CYRG \cyrl \cyra \cyrv \cyra } 1.
LaTeX Font Info:    Font shape `T2A/Tempora-TLF/m/n' will be
(Font)              scaled to size 22.0pt on input line 24.
LaTeX Font Info:    Font shape `T2A/Tempora-TLF/b/n' will be
(Font)              scaled to size 22.0pt on input line 24.
[8

] [9] [10] [11] [12] [13] [14]
<images/syntax_annotation.png, id=405, 508.90125pt x 197.23688pt>
File: images/syntax_annotation.png Graphic file (type png)
<use images/syntax_annotation.png>
Package pdftex.def Info: images/syntax_annotation.png  used on input line 206.
(pdftex.def)             Requested size: 435.32422pt x 168.72653pt.
 [15 <./images/syntax_annotation.png (PNG copy)>] [16]
{\cyrillictext \CYRG \cyrl \cyra \cyrv \cyra } 2.
LaTeX Font Info:    Font shape `T2A/Tempora-TLF/m/n' will be
(Font)              scaled to size 16.0pt on input line 256.
LaTeX Font Info:    Font shape `T2A/Tempora-TLF/b/n' will be
(Font)              scaled to size 16.0pt on input line 256.
[17

]
LaTeX Font Info:    Font shape `T2A/Tempora-TLF/m/it' will be
(Font)              scaled to size 12.0pt on input line 296.
<images/compreno_syntax_without.png, id=491, 930.47626pt x 308.15125pt>
File: images/compreno_syntax_without.png Graphic file (type png)
<use images/compreno_syntax_without.png>
Package pdftex.def Info: images/compreno_syntax_without.png  used on input line
 310.
(pdftex.def)             Requested size: 435.32422pt x 144.1681pt.
 [18]
<images/compreno_syntax_with.png, id=511, 930.47626pt x 274.02374pt>
File: images/compreno_syntax_with.png Graphic file (type png)
<use images/compreno_syntax_with.png>
Package pdftex.def Info: images/compreno_syntax_with.png  used on input line 31
8.
(pdftex.def)             Requested size: 435.32422pt x 128.20161pt.
 [19 <./images/compreno_syntax_without.png> <./images/compreno_syntax_with.png>
] [20] [21] [22] [23] [24] [25] [26] [27] [28] [29] [30] [31]
<images/TokenCharacterModel.png, id=699, 830.10126pt x 282.05376pt>
File: images/TokenCharacterModel.png Graphic file (type png)
<use images/TokenCharacterModel.png>
Package pdftex.def Info: images/TokenCharacterModel.png  used on input line 664
.
(pdftex.def)             Requested size: 386.95897pt x 131.48071pt.
<images/architecture_dm2.png, id=701, 533.995pt x 501.875pt>
File: images/architecture_dm2.png Graphic file (type png)
<use images/architecture_dm2.png>
Package pdftex.def Info: images/architecture_dm2.png  used on input line 673.
(pdftex.def)             Requested size: 217.66211pt x 204.56776pt.
 [32 <./images/TokenCharacterModel.png> <./images/architecture_dm2.png>]
<images/CharacterModel.png, id=715, 832.10875pt x 283.0575pt>
File: images/CharacterModel.png Graphic file (type png)
<use images/CharacterModel.png>
Package pdftex.def Info: images/CharacterModel.png  used on input line 684.
(pdftex.def)             Requested size: 386.95897pt x 131.63332pt.
<images/architecture_4.png, id=717, 665.48625pt x 528.97626pt>
File: images/architecture_4.png Graphic file (type png)
<use images/architecture_4.png>
Package pdftex.def Info: images/architecture_4.png  used on input line 695.
(pdftex.def)             Requested size: 207.9861pt x 165.32082pt.
 [33 <./images/CharacterModel.png> <./images/architecture_4.png>] [34]
<images/Cocke_DP_Algo.png, id=762, 953.5625pt x 540.0175pt>
File: images/Cocke_DP_Algo.png Graphic file (type png)
<use images/Cocke_DP_Algo.png>
Package pdftex.def Info: images/Cocke_DP_Algo.png  used on input line 732.
(pdftex.def)             Requested size: 411.14528pt x 232.83748pt.
 [35 <./images/Cocke_DP_Algo.png>] [36] [37] [38]
{\cyrillictext \CYRG \cyrl \cyra \cyrv \cyra } 3.

Underfull \hbox (badness 10000) in paragraph at lines 830--830
\T2A/Tempora-TLF/m/n/12 фо-ло-ги-че-ские
 []


Underfull \hbox (badness 1062) in paragraph at lines 830--830
[]|\T2A/Tempora-TLF/m/n/12 Требуются син-
 []


Underfull \hbox (badness 1028) in paragraph at lines 830--830
[]|\T2A/Tempora-TLF/m/n/12 Разрешение ме-
 []


Underfull \hbox (badness 10000) in paragraph at lines 830--830
[]|\T2A/Tempora-TLF/m/n/12 Разрешение
 []


Underfull \hbox (badness 10000) in paragraph at lines 830--830
\T2A/Tempora-TLF/m/n/12 ко-ре-фе-рент-ной
 []


Underfull \hbox (badness 10000) in paragraph at lines 831--831
[]|\T2A/Tempora-TLF/m/n/12 Вычисление
 []


Underfull \hbox (badness 10000) in paragraph at lines 831--831
\T2A/Tempora-TLF/m/n/12 се-ман-ти-че-ской
 []


Underfull \hbox (badness 1152) in paragraph at lines 833--833
[]|\T2A/Tempora-TLF/m/n/12 Метод опор-ных
 []


Underfull \hbox (badness 10000) in paragraph at lines 834--834
[]|\T2A/Tempora-TLF/m/n/12 Деревья при-
 []


Underfull \hbox (badness 4084) in paragraph at lines 834--834
\T2A/Tempora-TLF/m/n/12 ня-тия ре-ше-ний
 []


Underfull \hbox (badness 10000) in paragraph at lines 835--835
[]|\T2A/Tempora-TLF/m/n/12 Деревья при-
 []


Underfull \hbox (badness 4084) in paragraph at lines 835--835
\T2A/Tempora-TLF/m/n/12 ня-тия ре-ше-ний
 []

[39

] [40]
Underfull \hbox (badness 10000) in paragraph at lines 870--870
[]|\T2A/Tempora-TLF/m/n/12 Использование
 []


Underfull \hbox (badness 10000) in paragraph at lines 870--870
\T2A/Tempora-TLF/m/n/12 грам-ма-ти-че-ско-
 []


Underfull \hbox (badness 4205) in paragraph at lines 870--870
[]|\T2A/Tempora-TLF/m/n/12 Требуется кон-
 []


Underfull \hbox (badness 10000) in paragraph at lines 870--870
[]|\T2A/Tempora-TLF/m/n/12 Обработка не
 []


Underfull \hbox (badness 2781) in paragraph at lines 870--870
\T2A/Tempora-TLF/m/n/12 сло-вар-ных сло-
 []


Underfull \hbox (badness 3229) in paragraph at lines 870--870
[]|\T2A/Tempora-TLF/m/n/12 Скорость об-ра-
 []


Overfull \hbox (3.06487pt too wide) in paragraph at lines 870--870
[]|\T2A/Tempora-TLF/m/n/12 Accuracy| 
 []


Underfull \hbox (badness 10000) in paragraph at lines 871--871
[]|\T2A/Tempora-TLF/m/n/12 Finite State
 []


Underfull \hbox (badness 10000) in paragraph at lines 871--871
[]|\T2A/Tempora-TLF/m/n/12 Нет
 []


Underfull \hbox (badness 10000) in paragraph at lines 872--872
[]|\T2A/Tempora-TLF/m/n/12 Нет
 []


Underfull \hbox (badness 10000) in paragraph at lines 873--873
[]|\T2A/Tempora-TLF/m/n/12 Нет
 []


Underfull \hbox (badness 10000) in paragraph at lines 874--874
[]|\T2A/Tempora-TLF/m/n/12 Нет
 []


Underfull \hbox (badness 10000) in paragraph at lines 874--874
[]|\T2A/Tempora-TLF/m/n/12 Нет
 []


Underfull \hbox (badness 1152) in paragraph at lines 875--875
[]|\T2A/Tempora-TLF/m/n/12 Метод опор-ных
 []


Underfull \hbox (badness 10000) in paragraph at lines 875--875
[]|\T2A/Tempora-TLF/m/n/12 Нет
 []


Underfull \hbox (badness 10000) in paragraph at lines 876--876
[]|\T2A/Tempora-TLF/m/n/12 Нет
 []

[41] [42]
Underfull \hbox (badness 10000) in paragraph at lines 912--912
[]|\T2A/Tempora-TLF/m/n/12 Использование мор-
 []


Underfull \hbox (badness 1796) in paragraph at lines 912--912
\T2A/Tempora-TLF/m/n/12 фо-ло-ги-че-ских ха-рак-
 []


Underfull \hbox (badness 3657) in paragraph at lines 912--912
[]|\T2A/Tempora-TLF/m/n/12 Требуется про-
 []


Underfull \hbox (badness 10000) in paragraph at lines 912--912
[]|\T2A/Tempora-TLF/m/n/12 Вычислительная
 []


Underfull \hbox (badness 1953) in paragraph at lines 914--914
[]|\T2A/Tempora-TLF/m/n/12 Алгоритм shift-
 []

[43] [44] [45]
{\cyrillictext \CYRG \cyrl \cyra \cyrv \cyra } 4.

Underfull \hbox (badness 10000) in paragraph at lines 941--941
[]|\T2A/Tempora-TLF/m/n/12 Морфологическая
 []


Underfull \hbox (badness 10000) in paragraph at lines 941--941
[]|\T2A/Tempora-TLF/m/n/12 Синтаксическая
 []


Underfull \hbox (badness 10000) in paragraph at lines 941--941
[]|\T2A/Tempora-TLF/m/n/12 Автоматизация
 []


Underfull \hbox (badness 10000) in paragraph at lines 941--941
\T2A/Tempora-TLF/m/n/12 мор-фо-ло-ги-че-ской
 []


Underfull \hbox (badness 10000) in paragraph at lines 941--941
[]|\T2A/Tempora-TLF/m/n/12 Автоматизация
 []


Underfull \hbox (badness 10000) in paragraph at lines 941--941
\T2A/Tempora-TLF/m/n/12 син-так-си-че-ской
 []


Underfull \hbox (badness 10000) in paragraph at lines 942--942
[]|\T2A/Tempora-TLF/m/n/12 Реализована в
 []


Underfull \hbox (badness 10000) in paragraph at lines 942--942
\T2A/Tempora-TLF/m/n/12 двух фор-ма-
 []


Underfull \hbox (badness 10000) in paragraph at lines 942--942
\T2A/Tempora-TLF/m/n/12 тах: Universal
 []


Underfull \hbox (badness 10000) in paragraph at lines 942--942
[]|\T2A/Tempora-TLF/m/n/12 Автоматическая
 []


Underfull \hbox (badness 10000) in paragraph at lines 943--943
[]|\T2A/Tempora-TLF/m/n/12 Параллельный
 []


Underfull \hbox (badness 1917) in paragraph at lines 943--943
\T2A/Tempora-TLF/m/n/12 кор-пус ка-зах-ско-го
 []


Underfull \hbox (badness 10000) in paragraph at lines 943--943
\T2A/Tempora-TLF/m/n/12 (На-ци-о-наль-ный
 []


Underfull \hbox (badness 1917) in paragraph at lines 943--943
\T2A/Tempora-TLF/m/n/12 кор-пус ка-зах-ско-го
 []


Underfull \hbox (badness 10000) in paragraph at lines 943--943
[]|\T2A/Tempora-TLF/m/n/12 Казахский,
 []


Underfull \hbox (badness 10000) in paragraph at lines 944--944
[]|\T2A/Tempora-TLF/m/n/12 Татарско-русский
 []


Underfull \hbox (badness 10000) in paragraph at lines 944--944
\T2A/Tempora-TLF/m/n/12 па-рал-лель-ный
 []


Underfull \hbox (badness 10000) in paragraph at lines 944--944
\T2A/Tempora-TLF/m/n/12 кор-пус <<Ту-ган
 []


Underfull \hbox (badness 10000) in paragraph at lines 944--944
[]|\T2A/Tempora-TLF/m/n/12 Татарский,
 []


Underfull \hbox (badness 10000) in paragraph at lines 944--944
[]|\T2A/Tempora-TLF/m/n/12 Реализована
 []


Underfull \hbox (badness 10000) in paragraph at lines 945--945
[]|\T2A/Tempora-TLF/m/n/12 Китайско-русский
 []


Underfull \hbox (badness 10000) in paragraph at lines 945--945
\T2A/Tempora-TLF/m/n/12 па-рал-лель-ный
 []


Underfull \hbox (badness 10000) in paragraph at lines 945--945
[]|\T2A/Tempora-TLF/m/n/12 Китайский,
 []


Underfull \hbox (badness 10000) in paragraph at lines 945--945
[]|\T2A/Tempora-TLF/m/n/12 Реализована на
 []


Underfull \hbox (badness 10000) in paragraph at lines 946--946
[]|\T2A/Tempora-TLF/m/n/12 Автоматическая
 []


Underfull \hbox (badness 10000) in paragraph at lines 946--946
\T2A/Tempora-TLF/m/n/12 клас-си-фи-ка-ция
 []


Underfull \hbox (badness 1194) in paragraph at lines 947--947
\T2A/Tempora-TLF/m/n/12 лект рус-ских
 []


Underfull \hbox (badness 10000) in paragraph at lines 948--948
[]|\T2A/Tempora-TLF/m/n/12 Английский,
 []


Overfull \hbox (3.58014pt too wide) in paragraph at lines 949--949
[]|\T2A/Tempora-TLF/m/n/12 Ограниченный
 []


Underfull \hbox (badness 10000) in paragraph at lines 949--949
[]|\T2A/Tempora-TLF/m/n/12 Церковно-
 []


Underfull \hbox (badness 10000) in paragraph at lines 949--949
\T2A/Tempora-TLF/m/n/12 славянский,
 []


Underfull \hbox (badness 10000) in paragraph at lines 949--949
\T2A/Tempora-TLF/m/n/12 древ-не-рус-
 []


Underfull \hbox (badness 10000) in paragraph at lines 949--949
[]|\T2A/Tempora-TLF/m/n/12 Реализована
 []


Underfull \hbox (badness 4792) in paragraph at lines 976--976
\T2A/Tempora-TLF/m/n/12 за-ции по-стро-е-ния
 []


Underfull \hbox (badness 10000) in paragraph at lines 976--976
\T2A/Tempora-TLF/m/n/12 мор-фо-ло-ги-че-ской
 []


Underfull \hbox (badness 4792) in paragraph at lines 976--976
\T2A/Tempora-TLF/m/n/12 за-ции по-стро-е-ния
 []


Underfull \hbox (badness 10000) in paragraph at lines 976--976
\T2A/Tempora-TLF/m/n/12 син-так-си-че-ской
 []


Underfull \hbox (badness 2050) in paragraph at lines 976--976
\T2A/Tempora-TLF/m/n/12 за-ции вы-пол-не-ния
 []


Underfull \hbox (badness 10000) in paragraph at lines 977--977
[]|\T2A/Tempora-TLF/m/n/12 2 (UD) / []0
 []


Underfull \hbox (badness 10000) in paragraph at lines 979--979
[]|\T2A/Tempora-TLF/m/n/12 Татарско-русский
 []


Underfull \hbox (badness 10000) in paragraph at lines 980--980
[]|\T2A/Tempora-TLF/m/n/12 Китайско-русский
 []


Underfull \hbox (badness 10000) in paragraph at lines 982--982
[]|\T2A/Tempora-TLF/m/n/12 Parallel GUM RST
 []


Underfull \hbox (badness 4492) in paragraph at lines 983--983
\T2A/Tempora-TLF/m/n/12 спис-ков сла-вян-ско-го
 []

[46

] [47] [48] [49

]) [50]
\openout2 = `./chapters/bibliography.aux'.

 (./chapters/bibliography.tex (./report.bbl [51




]
[52] [53] [54] [55]
LaTeX Font Info:    Trying to load font information for T2A+cmtt on input line 
557.

(/usr/share/texlive/texmf-dist/tex/latex/cyrillic/t2acmtt.fd
File: t2acmtt.fd 2001/08/11 v1.0a Computer Modern Cyrillic font definitions
) [56] [57]
[58])) [59]
\openout2 = `./chapters/addition.aux'.

 (./chapters/addition.tex) [60



] 
AED: lastpage setting LastPage
(./report.aux (./chapters/abstract.aux) (./chapters/analytic.aux)
(./chapters/bibliography.aux) (./chapters/addition.aux))

LaTeX Font Warning: Some font shapes were not available, defaults substituted.

Package rerunfilecheck Info: File `report.out' has not changed.
(rerunfilecheck)             Checksum: 7A83D2B3183F660869919D2CF808FF24;9063.
 ) 
Here is how much of TeX's memory you used:
 45966 strings out of 478287
 995507 string characters out of 11599289
 13487192 words of memory out of 24000000
 63056 multiletter control sequences out of 15000+600000
 511694 words of font info for 76 fonts, out of 12000000 for 9000
 1141 hyphenation exceptions out of 8191
 104i,17n,106p,2372b,626s stack positions out of 5000i,500n,10000p,12000000b,80000s
{/usr/share/texmf/fonts/enc/dvips/cm-super/cm-super-t2a.enc}{/usr/share/texli
ve/texmf-dist/fonts/enc/dvips/tempora/t2a-tempora.enc}</usr/share/texlive/texmf
-dist/fonts/type1/public/tempora/Tempora-Bold.pfb></usr/share/texlive/texmf-dis
t/fonts/type1/public/tempora/Tempora-Italic.pfb></usr/share/texlive/texmf-dist/
fonts/type1/public/tempora/Tempora-Regular.pfb></usr/share/texlive/texmf-dist/f
onts/type1/public/amsfonts/cm/cmex10.pfb></usr/share/texlive/texmf-dist/fonts/t
ype1/public/amsfonts/cm/cmmi12.pfb></usr/share/texlive/texmf-dist/fonts/type1/p
ublic/amsfonts/cm/cmmi8.pfb></usr/share/texlive/texmf-dist/fonts/type1/public/a
msfonts/cm/cmr12.pfb></usr/share/texlive/texmf-dist/fonts/type1/public/amsfonts
/cm/cmr8.pfb></usr/share/texlive/texmf-dist/fonts/type1/public/amsfonts/cm/cmsy
10.pfb></usr/share/texlive/texmf-dist/fonts/type1/public/amsfonts/cm/cmsy8.pfb>
</usr/share/texmf/fonts/type1/public/cm-super/sftt1200.pfb>
Output written on report.pdf (59 pages, 950412 bytes).
PDF statistics:
 1040 PDF objects out of 1200 (max. 8388607)
 912 compressed objects within 10 object streams
 271 named destinations out of 1000 (max. 500000)
 385 words of extra memory for PDF output out of 10000 (max. 10000000)

